Lab,Study,concentration,SRS_ID,TN_method,TN_mpv,TN,TKN_mpv,TKN,NO3_mpv,NO3
1,Fall - 2012,(high),116,d,0.889,0.934,0.428,0.428,0.445,0.442
1,Fall - 2012,(low),115,d,0.463,0.484,0.264,0.283,0.228,0.224
1,Fall - 2013,(high),120,d,1.21,1.24,0.54,0.592,0.692,0.719
1,Fall - 2013,(low),119,d,0.536,0.532,0.267,0.31,0.271,0.273
1,Fall - 2014,(high),124,d,0.73,0.771,0.212,0.169,0.556,0.542
1,Fall - 2015,(high),128,d,3.53,3.55,0.518,0.604,3.04,2.88
1,Fall - 2015,(low),127,d,0.437,0.454,0.139,0.268,0.302,0.311
1,Fall - 2016,(high),132,d,1.24,1.28,0.317,0.298,0.933,0.942
1,Fall - 2016,(low),131,d,0.491,0.483,0.14,0.094,0.362,0.38
1,Fall - 2017,(high),136,d,1.06,1.1,0.409,0.426,0.639,0.623
1,Fall - 2018,(high),140,d,1.14,1.13,0.486,0.486,0.663,0.642
1,Fall - 2018,(low),139,d,0.307,0.313,0.111,0.111,0.2,0.201
1,Spring - 2012,(high),114,d,2.15,2.26,1.03,1.09,1.13,1.08
1,Spring - 2012,(low),113,d,0.349,0.353,0.258,0.266,0.107,0.101
1,Spring - 2013,(high),118,d,1.48,1.51,0.93,1.01,0.59,0.586
1,Spring - 2013,(low),117,d,0.641,0.571,0.44,0.328,0.22,0.213
1,Spring - 2014,(high),122,d,1.7,1.69,0.59,0.626,1.1,1.11
1,Spring - 2014,(low),121,d,0.555,0.556,0.139,0.127,0.418,0.42
1,Spring - 2015,(high),126,d,1.86,1.89,0.392,0.407,1.48,1.44
1,Spring - 2015,(low),125,d,0.464,0.463,0.162,0.144,0.307,0.292
1,Spring - 2016,(high),130,d,2.32,2.47,0.547,0.557,1.81,1.81
1,Spring - 2016,(low),129,d,0.48,0.494,0.24,0.214,0.267,0.256
1,Spring - 2017,(high),134,d,0.98,0.97,0.196,0.191,0.801,0.782
1,Spring - 2017,(low),133,d,0.199,0.215,0.134,0.131,0.09,0.096
1,Spring - 2018,(high),138,d,1.27,1.25,0.495,0.499,0.79,0.808
1,Spring - 2018,(low),137,d,0.45,0.433,0.143,0.15,0.326,0.326
10,Fall - 2012,(high),116,c,0.889,0.84,0.428,0.4,0.445,0.44
10,Fall - 2012,(low),115,c,0.463,0.45,0.264,0.23,0.228,0.22
10,Spring - 2012,(high),114,c,2.15,2.18,1.03,1.05,1.13,1.13
10,Spring - 2012,(low),113,c,0.349,0.36,0.258,0.26,0.107,0.1
10,Spring - 2013,(high),118,c,1.48,1.593,0.93,1.023,0.59,0.57
10,Spring - 2013,(low),117,c,0.641,0.65,0.44,0.44,0.22,0.21
10,Spring - 2014,(high),122,c,1.7,1.68,0.59,0.58,1.1,1.1
10,Spring - 2014,(low),121,c,0.555,0.56,0.139,0.16,0.418,0.4
10,Spring - 2015,(high),126,c,1.86,1.89,0.392,0.39,1.48,1.5
10,Spring - 2015,(low),125,c,0.464,0.424,0.162,0.13,0.307,0.294
12,Fall - 2012,(high),116,c,0.889,0.94,0.428,0.5,0.445,0.44
12,Fall - 2014,(high),124,c,0.73,0.86,0.212,0.3,0.556,0.56
12,Fall - 2014,(low),123,c,0.555,0.66,0.32,0.4,0.257,0.26
12,Fall - 2015,(high),128,c,3.53,3.73,0.518,0.65,3.04,3.08
12,Fall - 2015,(low),127,c,0.437,0.44,0.139,0.1,0.302,0.34
12,Fall - 2016,(high),132,c,1.24,1.28,0.317,0.4,0.933,0.88
12,Fall - 2016,(low),131,c,0.491,0.54,0.14,0.2,0.362,0.34
12,Fall - 2017,(high),136,c,1.06,1.13,0.409,0.5,0.639,0.63
12,Fall - 2017,(low),135,c,0.616,0.63,0.18,0.2,0.436,0.43
12,Fall - 2018,(high),140,c,1.14,1.355,0.486,0.7,0.663,0.655
12,Fall - 2018,(low),139,c,0.307,0.45,0.111,0.25,0.2,0.2
12,Spring - 2012,(high),114,c,2.15,2.21,1.03,1.1,1.13,1.11
12,Spring - 2013,(high),118,c,1.48,1.69,0.93,1.1,0.59,0.59
12,Spring - 2013,(low),117,c,0.641,0.72,0.44,0.5,0.22,0.22
12,Spring - 2014,(high),122,c,1.7,1.66,0.59,0.6,1.1,1.06
12,Spring - 2014,(low),121,c,0.555,0.63,0.139,0.2,0.418,0.43
12,Spring - 2015,(high),126,c,1.86,1.88,0.392,0.4,1.48,1.48
12,Spring - 2015,(low),125,c,0.464,0.5,0.162,0.2,0.307,0.3
12,Spring - 2016,(high),130,c,2.32,2.4,0.547,0.6,1.81,1.8
12,Spring - 2016,(low),129,c,0.48,0.47,0.24,0.2,0.267,0.27
12,Spring - 2018,(high),138,c,1.27,1.53,0.495,0.75,0.79,0.78
12,Spring - 2018,(low),137,c,0.45,0.56,0.143,0.25,0.326,0.31
16,Fall - 2012,(high),116,c,0.889,0.91,0.428,0.46,0.445,0.45
16,Fall - 2012,(low),115,c,0.463,0.44,0.264,0.21,0.228,0.23
16,Fall - 2013,(high),120,c,1.21,1.13,0.54,0.48,0.692,0.65
16,Fall - 2013,(low),119,c,0.536,0.51,0.267,0.25,0.271,0.26
16,Fall - 2014,(high),124,c,0.73,0.72,0.212,0.15,0.556,0.57
16,Fall - 2014,(low),123,c,0.555,0.69,0.32,0.43,0.257,0.26
16,Fall - 2015,(high),128,c,3.53,3.39,0.518,0.49,3.04,2.9
16,Fall - 2015,(low),127,c,0.437,0.39,0.139,0.09,0.302,0.3
16,Fall - 2016,(high),132,c,1.24,1.29,0.317,0.38,0.933,0.91
16,Fall - 2016,(low),131,c,0.491,0.59,0.14,0.24,0.362,0.35
16,Fall - 2017,(high),136,c,1.06,1.07,0.409,0.41,0.639,0.66
16,Fall - 2017,(low),135,c,0.616,0.63,0.18,0.18,0.436,0.45
16,Fall - 2018,(high),140,c,1.14,1.13,0.486,0.47,0.663,0.66
16,Fall - 2018,(low),139,c,0.307,0.34,0.111,0.13,0.2,0.21
16,Spring - 2012,(high),114,c,2.15,2.11,1.03,1.02,1.13,1.09
16,Spring - 2013,(high),118,c,1.48,1.4,0.93,0.82,0.59,0.58
16,Spring - 2013,(low),117,c,0.641,0.59,0.44,0.37,0.22,0.22
16,Spring - 2014,(high),122,c,1.7,1.68,0.59,0.61,1.1,1.07
16,Spring - 2014,(low),121,c,0.555,0.62,0.139,0.21,0.418,0.41
16,Spring - 2015,(high),126,c,1.86,1.9,0.392,0.43,1.48,1.47
16,Spring - 2015,(low),125,c,0.464,0.52,0.162,0.21,0.307,0.31
16,Spring - 2016,(high),130,c,2.32,2.27,0.547,0.51,1.81,1.76
16,Spring - 2016,(low),129,c,0.48,0.51,0.24,0.25,0.267,0.26
16,Spring - 2017,(high),134,c,0.98,0.94,0.196,0.13,0.801,0.81
16,Spring - 2018,(high),138,c,1.27,1.16,0.495,0.48,0.79,0.68
16,Spring - 2018,(low),137,c,0.45,0.52,0.143,0.18,0.326,0.34
25,Fall - 2014,(high),124,d,0.73,0.705,NA,NA,NA,NA
25,Fall - 2014,(low),123,d,0.555,0.469,NA,NA,NA,NA
25,Fall - 2016,(high),132,d,1.24,1.19,NA,NA,NA,NA
25,Fall - 2017,(high),136,d,1.06,1.49,NA,NA,NA,NA
25,Fall - 2017,(low),135,d,0.616,0.836,NA,NA,NA,NA
25,Spring - 2015,(high),126,d,1.86,1.92,NA,NA,NA,NA
25,Spring - 2015,(low),125,d,0.464,0.55,NA,NA,NA,NA
31,Fall - 2012,(low),115,c,0.463,0.505,0.264,0.267,0.228,0.238
31,Fall - 2013,(low),119,c,0.536,0.536,0.267,0.259,0.271,0.277
31,Fall - 2014,(low),123,c,0.555,0.584,0.32,0.332,0.257,0.252
31,Fall - 2015,(low),127,c,0.437,0.439,0.139,0.134,0.302,0.305
31,Fall - 2016,(low),131,c,0.491,0.495,0.14,0.14,0.362,0.355
31,Fall - 2017,(low),135,c,0.616,0.614,0.18,0.178,0.436,0.436
31,Fall - 2018,(low),139,c,0.307,0.32,0.111,0.125,0.2,0.195
31,Spring - 2012,(low),113,c,0.349,0.362,0.258,0.255,0.107,0.107
31,Spring - 2013,(low),117,c,0.641,0.682,0.44,0.46,0.22,0.222
31,Spring - 2014,(low),121,c,0.555,0.566,0.139,0.142,0.418,0.424
31,Spring - 2015,(low),125,c,0.464,0.469,0.162,0.162,0.307,0.307
31,Spring - 2016,(low),129,c,0.48,0.461,0.24,0.195,0.267,0.266
31,Spring - 2017,(low),133,c,0.199,0.237,0.134,0.147,0.09,0.09
31,Spring - 2018,(low),137,c,0.45,0.47,0.143,0.147,0.326,0.323
38,Fall - 2012,(high),116,d,0.889,0.92,NA,NA,0.445,0.45
38,Fall - 2012,(low),115,d,0.463,0.48,NA,NA,0.228,0.224
38,Fall - 2013,(high),120,d,1.21,1.26,NA,NA,0.692,0.669
38,Fall - 2013,(low),119,d,0.536,0.58,NA,NA,0.271,0.262
38,Fall - 2014,(high),124,d,0.73,0.77,NA,NA,0.556,0.554
38,Fall - 2014,(low),123,d,0.555,0.57,NA,NA,0.257,0.25
38,Fall - 2015,(high),128,d,3.53,1.81,NA,NA,3.04,3.143
38,Fall - 2015,(low),127,d,0.437,0.46,NA,NA,0.302,0.311
38,Fall - 2017,(high),136,d,1.06,1.07,NA,NA,0.639,0.647
38,Fall - 2017,(low),135,d,0.616,0.64,NA,NA,0.436,0.447
38,Fall - 2018,(high),140,d,1.14,1.3,NA,NA,0.663,0.657
38,Fall - 2018,(low),139,d,0.307,0.31,NA,NA,0.2,0.192
38,Spring - 2012,(high),114,d,2.15,2.12,NA,NA,1.13,1.121
38,Spring - 2012,(low),113,d,0.349,0.35,NA,NA,0.107,0.105
38,Spring - 2013,(high),118,d,1.48,1.57,NA,NA,0.59,0.594
38,Spring - 2013,(low),117,d,0.641,0.65,NA,NA,0.22,0.216
38,Spring - 2014,(high),122,d,1.7,1.76,NA,NA,1.1,1.027
38,Spring - 2014,(low),121,d,0.555,0.58,NA,NA,0.418,0.403
38,Spring - 2015,(high),126,d,1.86,1.95,NA,NA,1.48,1.503
38,Spring - 2015,(low),125,d,0.464,0.51,NA,NA,0.307,0.305
38,Spring - 2016,(high),130,d,2.32,2.46,NA,NA,1.81,1.908
38,Spring - 2016,(low),129,d,0.48,0.46,NA,NA,0.267,0.279
38,Spring - 2018,(high),138,d,1.27,1.34,NA,NA,0.79,0.784
38,Spring - 2018,(low),137,d,0.45,0.46,NA,NA,0.326,0.324
46,Fall - 2018,(high),140,c,1.14,1.008,0.486,0.371,0.663,0.637
46,Spring - 2012,(high),114,c,2.15,2.18,1.03,1.03,1.13,1.15
46,Spring - 2013,(high),118,c,1.48,1.51,0.93,0.907,0.59,0.603
46,Spring - 2014,(high),122,c,1.7,1.752,0.59,0.612,1.1,1.14
46,Spring - 2016,(high),130,c,2.32,2.484,0.547,0.654,1.81,1.83
46,Spring - 2018,(high),138,c,1.27,1.221,0.495,0.421,0.79,0.8
50,Fall - 2012,(high),116,c,0.889,0.9,0.428,0.45,0.445,0.45
50,Fall - 2012,(low),115,c,0.463,0.47,0.264,0.24,0.228,0.23
50,Fall - 2014,(high),124,c,0.73,0.75,0.212,0.2,0.556,0.55
50,Fall - 2015,(high),128,c,3.53,3.51,0.518,0.33,3.04,3.18
50,Fall - 2015,(low),127,c,0.437,0.44,0.139,0.13,0.302,0.31
50,Fall - 2016,(high),132,c,1.24,1.3,0.317,0.34,0.933,0.96
50,Fall - 2016,(low),131,c,0.491,0.53,0.14,0.16,0.362,0.37
50,Fall - 2018,(high),140,c,1.14,1.212,0.486,0.49,0.663,0.722
50,Fall - 2018,(low),139,c,0.307,0.319,0.111,0.106,0.2,0.213
50,Spring - 2012,(high),114,c,2.15,2.02,1.03,0.88,1.13,1.14
50,Spring - 2012,(low),113,c,0.349,0.31,0.258,0.2,0.107,0.11
50,Spring - 2013,(high),118,c,1.48,1.53,0.93,0.94,0.59,0.59
50,Spring - 2013,(low),117,c,0.641,0.64,0.44,0.42,0.22,0.22
50,Spring - 2014,(high),122,c,1.7,1.7,0.59,0.6,1.1,1.1
50,Spring - 2014,(low),121,c,0.555,0.54,0.139,0.13,0.418,0.41
50,Spring - 2015,(high),126,c,1.86,1.79,0.392,0.28,1.48,1.51
50,Spring - 2015,(low),125,c,0.464,0.45,0.162,0.14,0.307,0.31
50,Spring - 2016,(high),130,c,2.32,2.33,0.547,0.51,1.81,1.82
50,Spring - 2016,(low),129,c,0.48,0.57,0.24,0.31,0.267,0.26
50,Spring - 2018,(high),138,c,1.27,1.33,0.495,0.51,0.79,0.82
59,Fall - 2012,(high),116,d,0.889,0.87,0.428,0.35,0.445,0.45
59,Fall - 2012,(low),115,d,0.463,0.46,0.264,0.19,0.228,0.23
59,Fall - 2013,(high),120,d,1.21,1.25,0.54,0.55,0.692,0.69
59,Fall - 2013,(low),119,d,0.536,0.54,0.267,0.26,0.271,0.28
59,Fall - 2014,(high),124,d,0.73,0.75,0.212,0.15,0.556,0.54
59,Fall - 2014,(low),123,d,0.555,0.56,0.32,0.28,0.257,0.25
59,Fall - 2015,(high),128,d,3.53,3.57,0.518,0.51,3.04,3.11
59,Fall - 2015,(low),127,d,0.437,0.43,0.139,0.13,0.302,0.31
59,Fall - 2016,(high),132,d,1.24,1.25,0.317,0.27,0.933,0.935
59,Fall - 2018,(high),140,d,1.14,1.12,0.486,0.46,0.663,0.67
59,Fall - 2018,(low),139,d,0.307,0.31,0.111,0.1,0.2,0.19
59,Spring - 2012,(high),114,d,2.15,2.26,1.03,1.05,1.13,1.117
59,Spring - 2012,(low),113,d,0.349,0.346,0.258,0.25,0.107,0.107
59,Spring - 2013,(high),118,d,1.48,1.42,0.93,0.95,0.59,0.59
59,Spring - 2013,(low),117,d,0.641,0.63,0.44,0.45,0.22,0.22
59,Spring - 2014,(high),122,d,1.7,1.66,0.59,0.58,1.1,1.1
59,Spring - 2014,(low),121,d,0.555,0.57,0.139,0.12,0.418,0.419
59,Spring - 2015,(high),126,d,1.86,1.86,0.392,0.32,1.48,1.48
59,Spring - 2015,(low),125,d,0.464,0.483,0.162,0.13,0.307,0.306
59,Spring - 2016,(high),130,d,2.32,2.32,0.547,0.52,1.81,1.85
59,Spring - 2016,(low),129,d,0.48,0.46,0.24,0.17,0.267,0.27
59,Spring - 2017,(high),134,d,0.98,0.94,0.196,0.22,0.801,0.8
59,Spring - 2017,(low),133,d,0.199,0.18,0.134,0.11,0.09,0.09
59,Spring - 2018,(high),138,d,1.27,1.28,0.495,0.49,0.79,0.772
59,Spring - 2018,(low),137,d,0.45,0.45,0.143,0.13,0.326,0.322
64,Fall - 2012,(high),116,d,0.889,0.86,NA,NA,0.445,0.46
64,Fall - 2012,(low),115,d,0.463,0.46,NA,NA,0.228,0.24
64,Fall - 2014,(high),124,d,0.73,0.74,NA,NA,0.556,0.57
64,Fall - 2014,(low),123,d,0.555,0.54,NA,NA,0.257,0.26
64,Fall - 2016,(high),132,d,1.24,1.23,NA,NA,NA,NA
64,Fall - 2016,(low),131,d,0.491,0.5,NA,NA,0.362,0.37
64,Spring - 2015,(high),126,d,1.86,1.863,NA,NA,1.48,1.499
64,Spring - 2015,(low),125,d,0.464,0.452,NA,NA,0.307,0.311
64,Spring - 2017,(high),134,d,0.98,0.9819,NA,NA,0.801,0.8102
64,Spring - 2017,(low),133,d,0.199,0.2188,NA,NA,0.09,0.0897
72,Fall - 2012,(high),116,c,0.889,0.88,0.428,0.412,0.445,0.468
72,Fall - 2012,(low),115,c,0.463,0.514,0.264,0.262,0.228,0.252
72,Fall - 2013,(high),120,c,1.21,1.144,0.54,0.437,0.692,0.707
72,Fall - 2013,(low),119,c,0.536,0.503,0.267,0.215,0.271,0.288
72,Fall - 2014,(high),124,c,0.73,0.724,0.212,0.171,0.556,0.553
72,Fall - 2014,(low),123,c,0.555,0.558,0.32,0.292,0.257,0.266
72,Fall - 2015,(high),128,c,3.53,3.653,0.518,0.473,3.04,3.18
72,Fall - 2015,(low),127,c,0.437,0.47,0.139,0.144,0.302,0.326
72,Fall - 2016,(high),132,c,1.24,1.241,0.317,0.306,0.933,0.935
72,Fall - 2016,(low),131,c,0.491,0.523,0.14,0.156,0.362,0.367
72,Fall - 2017,(high),136,c,1.06,0.917,0.409,0.282,0.639,0.635
72,Fall - 2017,(low),135,c,0.616,0.623,0.18,0.195,0.436,0.428
72,Fall - 2018,(high),140,c,1.14,1.07,0.486,0.419,0.663,0.651
72,Fall - 2018,(low),139,c,0.307,0.2755,0.111,0.0755,0.2,0.2
72,Spring - 2012,(high),114,c,2.15,2.23,1.03,0.98,1.13,1.25
72,Spring - 2012,(low),113,c,0.349,0.335,0.258,0.226,0.107,0.109
72,Spring - 2013,(high),118,c,1.48,1.495,0.93,0.922,0.59,0.573
72,Spring - 2013,(low),117,c,0.641,0.652,0.44,0.432,0.22,0.22
72,Spring - 2014,(high),122,c,1.7,1.666,0.59,0.546,1.1,1.12
72,Spring - 2014,(low),121,c,0.555,0.57,0.139,0.163,0.418,0.407
72,Spring - 2015,(high),126,c,1.86,1.87,0.392,0.39,1.48,1.48
72,Spring - 2015,(low),125,c,0.464,0.513,0.162,0.189,0.307,0.324
72,Spring - 2016,(high),130,c,2.32,2.284,0.547,0.474,1.81,1.81
72,Spring - 2016,(low),129,c,0.48,0.461,0.24,0.196,0.267,0.265
72,Spring - 2017,(high),134,c,0.98,0.937,0.196,0.172,0.801,0.765
72,Spring - 2017,(low),133,c,0.199,0.1903,0.134,0.102,0.09,0.0883
72,Spring - 2018,(high),138,c,1.27,1.221,0.495,0.424,0.79,0.797
72,Spring - 2018,(low),137,c,0.45,0.456,0.143,0.124,0.326,0.332
80,Spring - 2012,(high),114,d,2.15,2.29,NA,NA,1.13,1.14
80,Spring - 2012,(low),113,d,0.349,0.329,NA,NA,0.107,0.11
85,Fall - 2012,(high),116,c,0.889,0.84,0.428,0.38,0.445,0.46
85,Fall - 2012,(low),115,c,0.463,0.51,0.264,0.28,0.228,0.23
85,Fall - 2013,(high),120,c,1.21,1.206,0.54,0.52,0.692,0.686
85,Fall - 2013,(low),119,c,0.536,0.504,0.267,0.23,0.271,0.274
85,Fall - 2016,(high),132,c,1.24,1.218,0.317,0.294,0.933,0.924
85,Fall - 2016,(low),131,c,0.491,0.479,0.14,0.112,0.362,0.368
85,Fall - 2017,(high),136,c,1.06,0.988,0.409,0.375,0.639,0.613
85,Fall - 2017,(low),135,c,0.616,0.597,0.18,0.166,0.436,0.431
85,Spring - 2012,(high),114,c,2.15,2.18,1.03,1.03,1.13,1.15
85,Spring - 2012,(low),113,c,0.349,0.347,0.258,0.24,0.107,0.107
85,Spring - 2013,(high),118,c,1.48,1.488,0.93,0.89,0.59,0.598
85,Spring - 2013,(low),117,c,0.641,0.651,0.44,0.43,0.22,0.221
85,Spring - 2016,(high),130,c,2.32,2.4,0.547,0.6,1.81,1.768
85,Spring - 2016,(low),129,d,0.48,0.52,0.24,0.25,0.267,0.262
85,Spring - 2016,(low),129,c,0.48,0.52,0.24,0.25,0.267,0.262
85,Spring - 2017,(high),134,c,0.98,0.957,0.196,0.166,0.801,0.791
85,Spring - 2017,(low),133,d,0.199,0.194,0.134,0.104,0.09,0.089
85,Spring - 2017,(low),133,c,0.199,0.194,0.134,0.104,0.09,0.089
85,Spring - 2018,(high),138,c,1.27,1.238,0.495,0.471,0.79,0.768
85,Spring - 2018,(low),137,c,0.45,0.447,0.143,0.126,0.326,0.321
86,Spring - 2012,(high),114,c,2.15,2.603,1.03,1.33,1.13,1.273
91,Fall - 2012,(high),116,c,0.889,0.894,0.428,0.453,0.445,0.441
91,Fall - 2012,(low),115,c,0.463,0.548,0.264,0.322,0.228,0.226
91,Fall - 2013,(high),120,c,1.21,1.269,0.54,0.575,0.692,0.694
91,Fall - 2013,(low),119,c,0.536,0.578,0.267,0.308,0.271,0.27
91,Fall - 2014,(high),124,c,0.73,0.845,0.212,0.271,0.556,0.574
91,Fall - 2014,(low),123,c,0.555,0.559,0.32,0.298,0.257,0.261
91,Fall - 2015,(high),128,c,3.53,3.56,0.518,0.5,3.04,3.06
91,Fall - 2016,(high),132,c,1.24,1.276,0.317,0.326,0.933,0.95
91,Fall - 2017,(high),136,c,1.06,1.033,0.409,0.391,0.639,0.642
91,Fall - 2017,(low),135,c,0.616,0.659,0.18,0.217,0.436,0.442
91,Fall - 2018,(high),140,c,1.14,1.195,0.486,0.533,0.663,0.662
91,Spring - 2012,(high),114,c,2.15,2.15,1.03,1.06,1.13,1.09
91,Spring - 2012,(low),113,c,0.349,0.354,0.258,0.249,0.107,0.105
91,Spring - 2014,(high),122,c,1.7,1.825,0.59,0.765,1.1,1.06
91,Spring - 2014,(low),121,c,0.555,0.405,0.139,0,0.418,0.405
91,Spring - 2015,(high),126,c,1.86,1.909,0.392,0.429,1.48,1.48
91,Spring - 2016,(high),130,c,2.32,2.34,0.547,0.56,1.81,1.78
91,Spring - 2016,(low),129,c,0.48,0.508,0.24,0.253,0.267,0.255
91,Spring - 2017,(high),134,c,0.98,1.033,0.196,0.295,0.801,0.738
91,Spring - 2018,(high),138,c,1.27,1.323,0.495,0.544,0.79,0.779
97,Spring - 2012,(high),114,c,2.15,2.05,1.03,0.86,1.13,1.19
97,Spring - 2012,(low),113,c,0.349,0.31,0.258,0.2,0.107,0.11
102,Fall - 2012,(high),116,c,0.889,0.804,0.428,0.4,0.445,0.404
102,Fall - 2013,(high),120,c,1.21,1.075,0.54,0.41,0.692,0.665
102,Fall - 2013,(low),119,c,0.536,0.5,0.267,0.24,0.271,0.26
102,Fall - 2014,(high),124,c,0.73,0.757,0.212,0.285,0.556,0.472
102,Fall - 2014,(low),123,c,0.555,0.742,0.32,0.53,0.257,0.212
102,Fall - 2015,(high),128,c,3.53,3.896,0.518,1.03,3.04,2.866
102,Fall - 2015,(low),127,c,0.437,0.48,0.139,0.24,0.302,0.24
102,Fall - 2018,(high),140,c,1.14,0.8,0.486,0.355,0.663,0.445
102,Spring - 2012,(high),114,c,2.15,2.16,1.03,1,1.13,1.16
102,Spring - 2013,(high),118,c,1.48,1.56,0.93,1,0.59,0.56
102,Spring - 2014,(high),122,c,1.7,1.62,0.59,0.62,1.1,1
102,Spring - 2014,(low),121,c,0.555,0.53,0.139,0.168,0.418,0.362
102,Spring - 2015,(high),126,c,1.86,1.702,0.392,0.4,1.48,1.302
102,Spring - 2015,(low),125,c,0.464,0.42,0.162,0.19,0.307,0.23
105,Fall - 2012,(low),115,d,0.463,0.42,NA,NA,0.228,0.23
105,Fall - 2014,(low),123,d,0.555,0.56,NA,NA,0.257,0.24
105,Spring - 2012,(low),113,d,0.349,0.3,NA,NA,0.107,0.1
105,Spring - 2013,(low),117,d,0.641,0.62,NA,NA,0.22,0.22
118,Fall - 2012,(low),115,d,0.463,0.42,NA,NA,0.228,0.25
118,Fall - 2014,(low),123,d,0.555,0.55,NA,NA,0.257,0.27
118,Fall - 2018,(high),140,d,1.14,1.3,NA,NA,0.663,0.71
118,Spring - 2012,(low),113,d,0.349,0.36,NA,NA,0.107,0.11
118,Spring - 2015,(high),126,d,1.86,1.81,NA,NA,1.48,1.58
118,Spring - 2015,(low),125,d,0.464,0.51,NA,NA,0.307,0.34
118,Spring - 2016,(low),129,d,0.48,0.47,NA,NA,0.267,0.25
118,Spring - 2017,(high),134,d,0.98,2.31,NA,NA,0.801,0.99
118,Spring - 2017,(low),133,d,0.199,0.123,NA,NA,0.09,0.08
118,Spring - 2018,(high),138,d,1.27,1.49,NA,NA,0.79,0.81
118,Spring - 2018,(low),137,d,0.45,0.472,NA,NA,0.326,0.33
138,Fall - 2012,(high),116,c,0.889,0.868,0.428,0.428,0.445,0.44
138,Fall - 2012,(low),115,c,0.463,0.487,0.264,0.261,0.228,0.226
138,Fall - 2013,(high),120,c,1.21,1.234,0.54,0.546,0.692,0.688
138,Fall - 2013,(low),119,c,0.536,0.549,0.267,0.281,0.271,0.268
138,Fall - 2014,(high),124,c,0.73,0.755,0.212,0.216,0.556,0.539
138,Fall - 2014,(low),123,c,0.555,0.543,0.32,0.297,0.257,0.246
138,Fall - 2015,(high),128,c,3.53,3.576,0.518,0.526,3.04,3.05
138,Fall - 2015,(low),127,c,0.437,0.449,0.139,0.142,0.302,0.307
138,Fall - 2016,(high),132,c,1.24,1.335,0.317,0.383,0.933,0.952
138,Fall - 2016,(low),131,c,0.491,0.54,0.14,0.174,0.362,0.366
138,Spring - 2012,(high),114,c,2.15,2.17,1.03,1.03,1.13,1.14
138,Spring - 2012,(low),113,c,0.349,0.321,0.258,0.211,0.107,0.11
138,Spring - 2013,(high),118,c,1.48,1.586,0.93,0.984,0.59,0.602
138,Spring - 2013,(low),117,c,0.641,0.661,0.44,0.445,0.22,0.216
142,Fall - 2012,(low),115,c,0.463,0.514,0.264,0.294,0.228,0.22
142,Fall - 2013,(high),120,c,1.21,1.29,0.54,0.56,0.692,0.73
142,Fall - 2013,(low),119,c,0.536,0.566,0.267,0.296,0.271,0.27
142,Fall - 2014,(high),124,c,0.73,0.71,0.212,0.18,0.556,0.53
142,Fall - 2014,(low),123,c,0.555,0.56,0.32,0.32,0.257,0.24
142,Fall - 2015,(high),128,c,3.53,3.63,0.518,0.55,3.04,3.08
142,Fall - 2015,(low),127,c,0.437,0.52,0.139,0.22,0.302,0.3
142,Fall - 2016,(high),132,c,1.24,1.26,0.317,0.37,0.933,0.89
142,Fall - 2016,(low),131,c,0.491,0.45,0.14,0.12,0.362,0.33
142,Fall - 2017,(high),136,c,1.06,1.03,0.409,0.42,0.639,0.61
142,Fall - 2017,(low),135,c,0.616,0.61,0.18,0.21,0.436,0.4
142,Fall - 2018,(high),140,c,1.14,1.16,0.486,0.48,0.663,0.682
142,Fall - 2018,(low),139,c,0.307,0.284,0.111,0.08,0.2,0.2
142,Spring - 2012,(high),114,c,2.15,2.27,1.03,1.1,1.13,1.17
142,Spring - 2012,(low),113,c,0.349,0.367,0.258,0.267,0.107,0.1
142,Spring - 2013,(low),117,c,0.641,0.641,0.44,0.431,0.22,0.207
142,Spring - 2014,(high),122,c,1.7,1.64,0.59,0.48,1.1,1.16
142,Spring - 2015,(high),126,c,1.86,1.87,0.392,0.4,1.48,1.47
142,Spring - 2015,(low),125,c,0.464,0.51,0.162,0.22,0.307,0.29
142,Spring - 2016,(high),130,c,2.32,2.31,0.547,0.51,1.81,1.8
142,Spring - 2016,(low),129,c,0.48,0.45,0.24,0.2,0.267,0.25
142,Spring - 2017,(high),134,c,0.98,1.04,0.196,0.28,0.801,0.76
142,Spring - 2017,(low),133,c,0.199,0.27,0.134,0.19,0.09,0.08
142,Spring - 2018,(high),138,c,1.27,1.3,0.495,0.57,0.79,0.73
142,Spring - 2018,(low),137,c,0.45,0.42,0.143,0.14,0.326,0.28
146,Spring - 2012,(high),114,c,2.15,1.96,1.03,0.92,1.13,1.04
146,Spring - 2012,(low),113,c,0.349,0.428,0.258,0.325,0.107,0.103
158,Fall - 2012,(high),116,c,0.889,0.873,0.428,0.432,0.445,0.441
158,Fall - 2012,(low),115,c,0.463,0.457,0.264,0.244,0.228,0.213
158,Fall - 2013,(high),120,c,1.21,1.25,0.54,0.586,0.692,0.664
158,Fall - 2013,(low),119,c,0.536,0.536,0.267,0.292,0.271,0.244
158,Fall - 2014,(high),124,c,0.73,0.727,0.212,0.215,0.556,0.512
158,Fall - 2014,(low),123,c,0.555,0.516,0.32,0.28,0.257,0.236
158,Fall - 2015,(high),128,c,3.53,3.55,0.518,0.72,3.04,2.83
158,Fall - 2015,(low),127,c,0.437,0.447,0.139,0.172,0.302,0.275
158,Fall - 2016,(high),132,c,1.24,1.3,0.317,0.34,0.933,0.96
158,Fall - 2016,(low),131,c,0.491,0.523,0.14,0.207,0.362,0.316
158,Fall - 2017,(high),136,c,1.06,1,0.409,0.368,0.639,0.632
158,Fall - 2017,(low),135,c,0.616,0.585,0.18,0.14,0.436,0.445
158,Fall - 2018,(high),140,c,1.14,1.16,0.486,0.5,0.663,0.66
158,Fall - 2018,(low),139,c,0.307,0.31,0.111,0.11,0.2,0.2
158,Spring - 2012,(high),114,c,2.15,2.28,1.03,1.15,1.13,1.13
158,Spring - 2012,(low),113,c,0.349,0.373,0.258,0.28,0.107,0.093
158,Spring - 2014,(high),122,c,1.7,1.78,0.59,0.71,1.1,1.07
158,Spring - 2014,(low),121,c,0.555,0.504,0.139,0.099,0.418,0.405
158,Spring - 2015,(high),126,c,1.86,1.98,0.392,0.49,1.48,1.49
158,Spring - 2015,(low),125,c,0.464,0.515,0.162,0.215,0.307,0.3
158,Spring - 2016,(high),130,c,2.32,2.48,0.547,0.67,1.81,1.81
158,Spring - 2016,(low),129,c,0.48,0.493,0.24,0.24,0.267,0.253
158,Spring - 2017,(high),134,c,0.98,1.02,0.196,0.257,0.801,0.763
158,Spring - 2017,(low),133,c,0.199,0.243,0.134,0.135,0.09,0.108
158,Spring - 2018,(high),138,c,1.27,1.35,0.495,0.571,0.79,0.779
158,Spring - 2018,(low),137,c,0.45,0.468,0.143,0.146,0.326,0.322
180,Fall - 2012,(high),116,c,0.889,0.897,0.428,0.42,0.445,0.477
180,Fall - 2012,(low),115,c,0.463,0.48,0.264,0.256,0.228,0.224
180,Fall - 2013,(high),120,c,1.21,1.221,0.54,0.498,0.692,0.723
180,Fall - 2013,(low),119,c,0.536,0.514,0.267,0.239,0.271,0.275
180,Fall - 2014,(high),124,c,0.73,0.76,0.212,0.212,0.556,0.548
180,Fall - 2014,(low),123,c,0.555,0.552,0.32,0.303,0.257,0.249
180,Fall - 2015,(high),128,c,3.53,3.59,0.518,0.51,3.04,3.08
180,Fall - 2015,(low),127,c,0.437,0.483,0.139,0.175,0.302,0.308
180,Fall - 2016,(high),132,c,1.24,1.81,0.317,0.906,0.933,0.904
180,Fall - 2016,(low),131,c,0.491,0.526,0.14,0.175,0.362,0.351
180,Fall - 2017,(high),136,c,1.06,1.041,0.409,0.42,0.639,0.621
180,Fall - 2017,(low),135,c,0.616,0.606,0.18,0.185,0.436,0.421
180,Fall - 2018,(high),140,c,1.14,1.165,0.486,0.51,0.663,0.655
180,Fall - 2018,(low),139,c,0.307,0.282,0.111,0.088,0.2,0.194
180,Spring - 2012,(high),114,c,2.15,2.17,1.03,1.05,1.13,1.12
180,Spring - 2012,(low),113,c,0.349,0.371,0.258,0.27,0.107,0.101
180,Spring - 2013,(high),118,c,1.48,1.486,0.93,0.919,0.59,0.567
180,Spring - 2013,(low),117,c,0.641,0.652,0.44,0.433,0.22,0.219
180,Spring - 2014,(high),122,c,1.7,1.633,0.59,0.563,1.1,1.07
180,Spring - 2014,(low),121,c,0.555,0.596,0.139,0.191,0.418,0.405
180,Spring - 2015,(high),126,c,1.86,1.828,0.392,0.328,1.48,1.5
180,Spring - 2015,(low),125,c,0.464,0.467,0.162,0.182,0.307,0.285
180,Spring - 2016,(high),130,c,2.32,2.337,0.547,0.547,1.81,1.79
180,Spring - 2016,(low),129,c,0.48,0.535,0.24,0.268,0.267,0.267
180,Spring - 2017,(high),134,c,0.98,0.919,0.196,0.177,0.801,0.742
180,Spring - 2017,(low),133,c,0.199,0.198,0.134,0.114,0.09,0.084
180,Spring - 2018,(high),138,c,1.27,1.284,0.495,0.503,0.79,0.781
180,Spring - 2018,(low),137,c,0.45,0.486,0.143,0.148,0.326,0.338
183,Fall - 2013,(high),120,c,1.21,1.14,0.54,0.799,0.692,0.341
183,Fall - 2013,(low),119,c,0.536,0.504,0.267,0.38,0.271,0.124
193,Fall - 2013,(high),120,d,1.21,1.23,NA,NA,0.692,0.69
193,Fall - 2013,(low),119,d,0.536,0.52,NA,NA,0.271,0.27
193,Fall - 2018,(high),140,d,1.14,1.17,NA,NA,0.663,0.68
193,Spring - 2012,(high),114,d,2.15,2.16,NA,NA,1.13,1.11
193,Spring - 2012,(low),113,d,0.349,0.36,NA,NA,0.107,0.11
198,Fall - 2012,(high),116,d,0.889,0.876,NA,NA,0.445,0.445
198,Fall - 2012,(low),115,d,0.463,0.465,NA,NA,0.228,0.229
198,Fall - 2013,(high),120,d,1.21,1.286,NA,NA,0.692,0.692
198,Fall - 2013,(low),119,d,0.536,0.522,NA,NA,0.271,0.273
198,Fall - 2014,(high),124,d,0.73,0.73,NA,NA,0.556,0.567
198,Fall - 2014,(low),123,d,0.555,0.563,NA,NA,0.257,0.257
198,Fall - 2015,(high),128,d,3.53,3.522,NA,NA,3.04,3.024
198,Fall - 2015,(low),127,d,0.437,0.427,NA,NA,0.302,0.296
198,Fall - 2016,(high),132,d,1.24,1.246,NA,NA,0.933,0.961
198,Fall - 2016,(low),131,d,0.491,0.467,NA,NA,0.362,0.36
198,Fall - 2017,(high),136,d,1.06,1.073,NA,NA,0.639,0.676
198,Fall - 2017,(low),135,d,0.616,0.592,NA,NA,0.436,0.459
198,Fall - 2018,(high),140,d,1.14,1.155,NA,NA,0.663,0.678
198,Fall - 2018,(low),139,d,0.307,0.313,NA,NA,0.2,0.2
198,Spring - 2012,(high),114,d,2.15,2.214,NA,NA,1.13,1.169
198,Spring - 2012,(low),113,d,0.349,0.341,NA,NA,0.107,0.113
198,Spring - 2013,(high),118,d,1.48,1.53,NA,NA,0.59,0.623
198,Spring - 2013,(low),117,d,0.641,0.645,NA,NA,0.22,0.235
198,Spring - 2014,(high),122,d,1.7,1.737,NA,NA,1.1,1.099
198,Spring - 2014,(low),121,d,0.555,0.595,NA,NA,0.418,0.415
198,Spring - 2015,(high),126,d,1.86,1.861,NA,NA,1.48,1.475
198,Spring - 2015,(low),125,d,0.464,0.483,NA,NA,0.307,0.314
198,Spring - 2016,(high),130,d,2.32,2.264,NA,NA,1.81,1.783
198,Spring - 2016,(low),129,d,0.48,0.445,NA,NA,0.267,0.265
198,Spring - 2017,(high),134,d,0.98,0.986,NA,NA,0.801,0.83
198,Spring - 2017,(low),133,d,0.199,0.197,NA,NA,0.09,0.091
198,Spring - 2018,(high),138,d,1.27,1.258,NA,NA,0.79,0.825
198,Spring - 2018,(low),137,d,0.45,0.463,NA,NA,0.326,0.343
209,Fall - 2016,(high),132,d,1.24,1.272,NA,NA,NA,NA
209,Spring - 2012,(low),113,d,0.349,0.341,NA,NA,NA,NA
209,Spring - 2014,(low),121,d,0.555,0.627,NA,NA,NA,NA
212,Fall - 2012,(high),116,c,0.889,1.2,0.428,0.77,0.445,0.44
212,Fall - 2013,(high),120,c,1.21,1.4,0.54,0.66,0.692,0.7
212,Spring - 2013,(high),118,c,1.48,1.5,0.93,0.85,0.59,0.63
224,Fall - 2013,(high),120,d,1.21,1.14,NA,NA,NA,NA
224,Fall - 2013,(low),119,d,0.536,0.59,NA,NA,NA,NA
224,Fall - 2014,(high),124,d,0.73,0.65,NA,NA,0.556,0.59
224,Fall - 2014,(low),123,d,0.555,0.52,NA,NA,0.257,0.28
224,Fall - 2015,(high),128,d,3.53,3.59,NA,NA,3.04,3
224,Fall - 2015,(low),127,d,0.437,0.49,NA,NA,0.302,0.3
224,Fall - 2016,(high),132,d,1.24,1.24,NA,NA,0.933,0.92
224,Fall - 2016,(low),131,d,0.491,0.51,NA,NA,0.362,0.39
224,Fall - 2018,(high),140,d,1.14,1.18,NA,NA,0.663,0.69
224,Fall - 2018,(low),139,d,0.307,0.36,NA,NA,0.2,0.21
224,Spring - 2013,(high),118,d,1.48,1.32,NA,NA,0.59,0.55
224,Spring - 2013,(low),117,d,0.641,0.63,NA,NA,0.22,0.19
224,Spring - 2014,(high),122,d,1.7,1.49,NA,NA,1.1,1.1
224,Spring - 2014,(low),121,d,0.555,0.51,NA,NA,0.418,0.42
224,Spring - 2015,(high),126,d,1.86,1.8,NA,NA,1.48,1.61
224,Spring - 2015,(low),125,d,0.464,0.42,NA,NA,0.307,0.33
224,Spring - 2016,(high),130,d,2.32,2.29,NA,NA,1.81,1.88
224,Spring - 2016,(low),129,d,0.48,0.46,NA,NA,0.267,0.28
224,Spring - 2017,(high),134,d,0.98,0.96,NA,NA,0.801,0.81
224,Spring - 2017,(low),133,d,0.199,0.19,NA,NA,0.09,0.08
224,Spring - 2018,(high),138,d,1.27,1.36,NA,NA,0.79,0.8
224,Spring - 2018,(low),137,d,0.45,0.54,NA,NA,0.326,0.36
227,Fall - 2013,(high),120,c,1.21,1.169,0.54,0.476,0.692,0.693
227,Fall - 2013,(low),119,c,0.536,0.577,0.267,0.267,0.271,0.31
227,Fall - 2016,(high),132,c,1.24,1.243,0.317,0.288,0.933,0.955
227,Fall - 2016,(low),131,c,0.491,0.574,0.14,0.161,0.362,0.413
227,Fall - 2017,(high),136,c,1.06,1.136,0.409,0.474,0.639,0.662
227,Fall - 2017,(low),135,c,0.616,0.71,0.18,0.246,0.436,0.464
227,Spring - 2012,(high),114,c,2.15,2.19,1.03,1.06,1.13,1.13
227,Spring - 2013,(high),118,c,1.48,1.523,0.93,0.928,0.59,0.595
227,Spring - 2013,(low),117,c,0.641,0.711,0.44,0.449,0.22,0.262
227,Spring - 2014,(high),122,c,1.7,1.591,0.59,0.551,1.1,1.04
227,Spring - 2014,(low),121,c,0.555,0.578,0.139,0.145,0.418,0.433
227,Spring - 2015,(high),126,c,1.86,1.928,0.392,0.488,1.48,1.44
227,Spring - 2015,(low),125,c,0.464,0.525,0.162,0.194,0.307,0.331
227,Spring - 2017,(high),134,c,0.98,1.047,0.196,0.237,0.801,0.81
227,Spring - 2017,(low),133,c,0.199,0.324,0.134,0.188,0.09,0.136
227,Spring - 2018,(high),138,c,1.27,1.417,0.495,0.615,0.79,0.802
227,Spring - 2018,(low),137,c,0.45,0.588,0.143,0.225,0.326,0.363
297,Fall - 2012,(high),116,d,0.889,0.9043,NA,NA,NA,NA
297,Fall - 2012,(low),115,d,0.463,0.5003,NA,NA,NA,NA
297,Fall - 2013,(high),120,d,1.21,1.23,NA,NA,0.692,0.6998
297,Fall - 2013,(low),119,d,0.536,0.5337,NA,NA,0.271,0.2568
297,Fall - 2014,(high),124,d,0.73,0.826,NA,NA,0.556,0.556
297,Fall - 2014,(low),123,d,0.555,0.649,NA,NA,0.257,0.233
297,Fall - 2015,(high),128,d,3.53,3.372,NA,NA,3.04,2.734
297,Fall - 2015,(low),127,d,0.437,0.479,NA,NA,0.302,0.29
297,Fall - 2016,(high),132,d,1.24,1.33,NA,NA,0.933,0.907
297,Fall - 2016,(low),131,d,0.491,0.524,NA,NA,0.362,0.359
297,Fall - 2017,(high),136,d,1.06,1.04,NA,NA,0.639,0.607
297,Fall - 2017,(low),135,d,0.616,0.616,NA,NA,0.436,0.407
297,Fall - 2018,(high),140,d,1.14,1.22,NA,NA,0.663,0.64
297,Fall - 2018,(low),139,d,0.307,0.327,NA,NA,0.2,0.18
297,Spring - 2012,(high),114,d,2.15,2.33,NA,NA,1.13,1.18
297,Spring - 2012,(low),113,d,0.349,0.386,NA,NA,0.107,0.109
297,Spring - 2013,(high),118,d,1.48,1.449,NA,NA,0.59,0.6046
297,Spring - 2013,(low),117,d,0.641,0.6972,NA,NA,0.22,0.2305
297,Spring - 2014,(high),122,d,1.7,1.791,NA,NA,1.1,1.02
297,Spring - 2014,(low),121,d,0.555,0.706,NA,NA,0.418,0.399
297,Spring - 2015,(high),126,d,1.86,2.031,NA,NA,1.48,1.419
297,Spring - 2015,(low),125,d,0.464,0.484,NA,NA,0.307,0.279
297,Spring - 2017,(high),134,d,0.98,0.9773,NA,NA,0.801,0.722
297,Spring - 2017,(low),133,d,0.199,0.1955,NA,NA,0.09,0.087
297,Spring - 2018,(high),138,d,1.27,1.24,NA,NA,0.79,0.811
297,Spring - 2018,(low),137,d,0.45,0.427,NA,NA,0.326,0.348
305,Spring - 2012,(high),114,c,2.15,2.1,1.03,1,1.13,1.11
305,Spring - 2013,(high),118,c,1.48,1.511,0.93,0.9,0.59,0.611
305,Spring - 2014,(high),122,c,1.7,1.613,0.59,0.6,1.1,1.013
305,Spring - 2015,(high),126,c,1.86,1.934,0.392,0.5,1.48,1.434
305,Spring - 2016,(high),130,c,2.32,2.06,0.547,0.33,1.81,1.73
305,Spring - 2018,(high),138,c,1.27,1.25,0.495,0.437,0.79,0.808
307,Fall - 2014,(high),124,d,0.73,0.72,NA,NA,0.556,0.574
307,Fall - 2015,(high),128,d,3.53,3.53,NA,NA,3.04,3.38
307,Fall - 2016,(high),132,d,1.24,0.946,NA,NA,0.933,0.952
307,Fall - 2017,(high),136,d,1.06,1.14,NA,NA,0.639,0.637
307,Fall - 2018,(high),140,d,1.14,1,NA,NA,0.663,0.345
307,Spring - 2015,(high),126,d,1.86,1.93,NA,NA,NA,NA
307,Spring - 2016,(high),130,d,2.32,2.04,NA,NA,1.81,2.04
307,Spring - 2017,(high),134,d,0.98,1.09,NA,NA,0.801,0.854
307,Spring - 2018,(high),138,d,1.27,1.11,NA,NA,0.79,0.174
313,Fall - 2012,(high),116,c,0.889,0.806,0.428,0.37,0.445,0.436
313,Fall - 2012,(low),115,c,0.463,0.436,0.264,0.208,0.228,0.228
313,Fall - 2013,(high),120,c,1.21,1.301,0.54,0.629,0.692,0.672
313,Fall - 2013,(low),119,c,0.536,0.565,0.267,0.301,0.271,0.264
313,Fall - 2014,(high),124,c,0.73,0.722,0.212,0.179,0.556,0.543
313,Fall - 2014,(low),123,c,0.555,0.538,0.32,0.281,0.257,0.257
313,Fall - 2015,(high),128,c,3.53,3.502,0.518,0.462,3.04,3.04
313,Fall - 2015,(low),127,c,0.437,0.524,0.139,0.222,0.302,0.302
313,Fall - 2016,(high),132,c,1.24,1.229,0.317,0.321,0.933,0.908
313,Fall - 2016,(low),131,c,0.491,0.473,0.14,0.133,0.362,0.34
313,Fall - 2017,(high),136,c,1.06,1.019,0.409,0.359,0.639,0.66
313,Fall - 2017,(low),135,c,0.616,0.561,0.18,0.112,0.436,0.449
313,Fall - 2018,(high),140,c,1.14,1.117,0.486,0.428,0.663,0.689
313,Fall - 2018,(low),139,c,0.307,0.343,0.111,0.146,0.2,0.197
313,Spring - 2012,(high),114,c,2.15,1.996,1.03,0.856,1.13,1.14
313,Spring - 2012,(low),113,c,0.349,0.399,0.258,0.294,0.107,0.105
313,Spring - 2013,(high),118,c,1.48,1.42,0.93,0.83,0.59,0.59
313,Spring - 2013,(low),117,c,0.641,0.589,0.44,0.37,0.22,0.219
313,Spring - 2014,(high),122,c,1.7,1.55,0.59,0.47,1.1,1.08
313,Spring - 2014,(low),121,c,0.555,0.48,0.139,0.06,0.418,0.42
313,Spring - 2015,(high),126,c,1.86,1.865,0.392,0.365,1.48,1.5
313,Spring - 2015,(low),125,c,0.464,0.431,0.162,0.143,0.307,0.288
313,Spring - 2016,(high),130,c,2.32,2.49,0.547,0.59,1.81,1.9
313,Spring - 2016,(low),129,c,0.48,0.573,0.24,0.3,0.267,0.273
313,Spring - 2017,(high),134,c,0.98,1.024,0.196,0.241,0.801,0.783
313,Spring - 2017,(low),133,c,0.199,0.2709,0.134,0.19,0.09,0.0809
313,Spring - 2018,(high),138,c,1.27,1.173,0.495,0.38,0.79,0.793
313,Spring - 2018,(low),137,c,0.45,0.528,0.143,0.203,0.326,0.325
316,Fall - 2012,(low),115,d,0.463,0.455,NA,NA,0.228,0.2214
316,Fall - 2013,(low),119,d,0.536,0.54,NA,NA,0.271,0.2683
316,Fall - 2014,(low),123,d,0.555,0.547,NA,NA,0.257,0.2545
316,Fall - 2015,(low),127,d,0.437,0.46,NA,NA,0.302,0.326
316,Fall - 2016,(low),131,d,0.491,0.491,NA,NA,0.362,0.366
316,Fall - 2017,(low),135,d,0.616,0.619,NA,NA,0.436,0.4377
316,Fall - 2018,(low),139,d,0.307,0.429,NA,NA,0.2,0.3245
316,Spring - 2012,(low),113,d,0.349,0.329,NA,NA,0.107,0.1074
316,Spring - 2014,(low),121,d,0.555,0.597,NA,NA,0.418,0.4188
316,Spring - 2016,(low),129,d,0.48,0.476,NA,NA,0.267,0.2654
316,Spring - 2017,(low),133,d,0.199,0.193,NA,NA,0.09,0.091
316,Spring - 2018,(low),137,d,0.45,0.44,NA,NA,0.326,0.3245
318,Fall - 2012,(high),116,d,0.889,0.855,NA,NA,0.445,0.46
318,Fall - 2012,(low),115,d,0.463,0.469,NA,NA,0.228,0.2366
318,Fall - 2013,(high),120,d,1.21,1.239,NA,NA,0.692,0.695
318,Fall - 2013,(low),119,d,0.536,0.57,NA,NA,0.271,0.264
318,Fall - 2014,(high),124,d,0.73,0.782,NA,NA,0.556,0.564
318,Fall - 2014,(low),123,d,0.555,0.579,NA,NA,0.257,0.254
318,Fall - 2015,(high),128,d,3.53,3.528,NA,NA,3.04,3.18
318,Fall - 2015,(low),127,d,0.437,0.437,NA,NA,0.302,0.327
318,Fall - 2016,(high),132,d,1.24,1.253,NA,NA,0.933,0.977
318,Fall - 2016,(low),131,d,0.491,0.503,NA,NA,0.362,0.381
318,Fall - 2017,(high),136,d,1.06,1.063,NA,NA,0.639,0.657
318,Fall - 2017,(low),135,d,0.616,0.629,NA,NA,0.436,0.472
318,Fall - 2018,(high),140,d,1.14,1.09,NA,NA,0.663,0.638
318,Fall - 2018,(low),139,d,0.307,0.29,NA,NA,0.2,0.204
318,Spring - 2012,(high),114,d,2.15,2.326,NA,NA,1.13,1.225
318,Spring - 2012,(low),113,d,0.349,0.345,NA,NA,0.107,0.1081
318,Spring - 2013,(high),118,d,1.48,1.518,NA,NA,0.59,0.708
318,Spring - 2013,(low),117,d,0.641,0.683,NA,NA,0.22,0.221
318,Spring - 2018,(high),138,d,1.27,1.236,NA,NA,0.79,0.751
318,Spring - 2018,(low),137,d,0.45,0.458,NA,NA,0.326,0.339
319,Fall - 2012,(high),116,c,0.889,0.81,0.428,0.388,0.445,0.422
319,Fall - 2012,(low),115,c,0.463,0.457,0.264,0.221,0.228,0.236
319,Fall - 2013,(high),120,c,1.21,1.19,0.54,0.501,0.692,0.692
319,Fall - 2013,(low),119,c,0.536,0.526,0.267,0.251,0.271,0.275
319,Fall - 2014,(high),124,c,0.73,0.711,0.212,0.149,0.556,0.562
319,Fall - 2014,(low),123,c,0.555,0.595,0.32,0.346,0.257,0.249
319,Fall - 2015,(low),127,c,0.437,0.404,0.139,0.12,0.302,0.284
319,Fall - 2016,(high),132,c,1.24,1.2,0.317,0.262,0.933,0.94
319,Fall - 2016,(low),131,c,0.491,0.578,0.14,0.215,0.362,0.363
319,Fall - 2017,(high),136,c,1.06,0.96,0.409,0.329,0.639,0.631
319,Fall - 2017,(low),135,c,0.616,0.659,0.18,0.24,0.436,0.419
319,Spring - 2012,(high),114,c,2.15,1.99,1.03,0.879,1.13,1.11
319,Spring - 2012,(low),113,c,0.349,0.379,0.258,0.275,0.107,0.104
319,Spring - 2013,(high),118,c,1.48,1.46,0.93,0.88,0.59,0.581
319,Spring - 2013,(low),117,c,0.641,0.683,0.44,0.466,0.22,0.217
319,Spring - 2014,(high),122,c,1.7,1.53,0.59,0.383,1.1,1.15
319,Spring - 2014,(low),121,c,0.555,0.52,0.139,0.11,0.418,0.41
319,Spring - 2015,(high),126,c,1.86,1.82,0.392,0.337,1.48,1.48
319,Spring - 2015,(low),125,c,0.464,0.616,0.162,0.31,0.307,0.306
319,Spring - 2016,(high),130,c,2.32,2.28,0.547,0.453,1.81,1.83
319,Spring - 2016,(low),129,c,0.48,0.667,0.24,0.404,0.267,0.263
319,Spring - 2017,(high),134,c,0.98,1.06,0.196,0.231,0.801,0.827
319,Spring - 2017,(low),133,c,0.199,0.225,0.134,0.135,0.09,0.09
319,Spring - 2018,(high),138,c,1.27,1.24,0.495,0.463,0.79,0.775
319,Spring - 2018,(low),137,c,0.45,0.447,0.143,0.133,0.326,0.314
320,Fall - 2012,(low),115,d,0.463,0.476,NA,NA,0.228,0.226
320,Fall - 2013,(low),119,d,0.536,0.545,NA,NA,0.271,0.274
320,Fall - 2014,(low),123,d,0.555,0.568,NA,NA,0.257,0.255
320,Fall - 2015,(low),127,d,0.437,0.454,NA,NA,0.302,0.294
320,Fall - 2016,(low),131,d,0.491,0.495,NA,NA,0.362,0.364
320,Fall - 2017,(low),135,d,0.616,0.627,NA,NA,0.436,0.43
320,Fall - 2018,(high),140,d,1.14,1.16,NA,NA,0.663,0.673
320,Fall - 2018,(low),139,d,0.307,0.303,NA,NA,0.2,0.203
320,Spring - 2012,(high),114,d,2.15,2.269,NA,NA,1.13,1.144
320,Spring - 2012,(low),113,d,0.349,0.345,NA,NA,0.107,0.106
320,Spring - 2013,(high),118,d,1.48,1.528,NA,NA,0.59,0.595
320,Spring - 2013,(low),117,d,0.641,0.649,NA,NA,0.22,0.222
320,Spring - 2014,(high),122,d,1.7,1.78,NA,NA,1.1,1.12
320,Spring - 2014,(low),121,d,0.555,0.594,NA,NA,0.418,0.42
320,Spring - 2015,(high),126,d,1.86,1.92,NA,NA,1.48,1.47
320,Spring - 2015,(low),125,d,0.464,0.439,NA,NA,0.307,0.297
320,Spring - 2016,(high),130,d,2.32,2.48,NA,NA,1.81,1.86
320,Spring - 2016,(low),129,d,0.48,0.479,NA,NA,0.267,0.274
320,Spring - 2017,(high),134,d,0.98,0.944,NA,NA,0.801,0.77
320,Spring - 2017,(low),133,d,0.199,0.183,NA,NA,0.09,0.0888
320,Spring - 2018,(high),138,d,1.27,1.33,NA,NA,0.79,0.8
320,Spring - 2018,(low),137,d,0.45,0.45,NA,NA,0.326,0.321
341,Fall - 2012,(high),116,c,0.889,0.835,0.428,0.42,0.445,0.415
341,Fall - 2013,(high),120,c,1.21,1.22,0.54,0.56,0.692,0.66
341,Spring - 2012,(high),114,c,2.15,2.19,1.03,1.1,1.13,1.09
341,Spring - 2013,(high),118,c,1.48,1.497,0.93,0.94,0.59,0.557
341,Spring - 2014,(high),122,c,1.7,1.672,0.59,0.662,1.1,1.01
356,Fall - 2012,(high),116,d,0.889,0.899,NA,NA,0.445,0.453
373,Fall - 2013,(high),120,c,1.21,1.34,0.54,0.661,0.692,0.679
373,Spring - 2012,(high),114,c,2.15,3,1.03,1.86,1.13,1.14
375,Spring - 2012,(high),114,d,2.15,2.1879,NA,NA,1.13,1.062
375,Spring - 2013,(low),117,d,0.641,0.6439,NA,NA,0.22,0.2209
375,Spring - 2014,(low),121,d,0.555,0.527,NA,NA,0.418,0.417
375,Spring - 2015,(high),126,d,1.86,1.8369,NA,NA,1.48,1.5162
375,Spring - 2016,(high),130,d,2.32,2.3435,NA,NA,1.81,2.7109
375,Spring - 2017,(low),133,d,0.199,0.1921,NA,NA,0.09,0.07591
375,Spring - 2018,(low),137,d,0.45,0.4325,NA,NA,0.326,0.32552
377,Fall - 2012,(high),116,c,0.889,0.89,0.428,0.44,0.445,0.45
377,Fall - 2012,(low),115,c,0.463,0.66,0.264,0.41,0.228,0.25
377,Fall - 2016,(high),132,c,1.24,1.29,0.317,0.35,0.933,0.94
377,Fall - 2016,(low),131,c,0.491,0.5,0.14,0.14,0.362,0.36
377,Fall - 2017,(high),136,c,1.06,1.07,0.409,0.41,0.639,0.66
377,Fall - 2017,(low),135,c,0.616,0.65,0.18,0.2,0.436,0.45
377,Spring - 2012,(high),114,c,2.15,2.22,1.03,1.08,1.13,1.14
377,Spring - 2012,(low),113,c,0.349,0.37,0.258,0.27,0.107,0.1
377,Spring - 2013,(high),118,c,1.48,1.48,0.93,0.88,0.59,0.6
377,Spring - 2013,(low),117,c,0.641,0.67,0.44,0.43,0.22,0.24
377,Spring - 2014,(high),122,c,1.7,1.64,0.59,0.53,1.1,1.11
377,Spring - 2014,(low),121,c,0.555,0.55,0.139,0.12,0.418,0.43
377,Spring - 2015,(high),126,c,1.86,1.87,0.392,0.38,1.48,1.49
377,Spring - 2015,(low),125,c,0.464,0.45,0.162,0.16,0.307,0.29
377,Spring - 2016,(high),130,c,2.32,2.5,0.547,0.68,1.81,1.82
377,Spring - 2016,(low),129,c,0.48,0.6,0.24,0.33,0.267,0.27
377,Spring - 2017,(high),134,c,0.98,1.03,0.196,0.22,0.801,0.81
377,Spring - 2017,(low),133,c,0.199,0.2,0.134,0.11,0.09,0.09
377,Spring - 2018,(high),138,c,1.27,1.2,0.495,0.41,0.79,0.79
377,Spring - 2018,(low),137,c,0.45,0.42,0.143,0.1,0.326,0.32
380,Fall - 2012,(high),116,c,0.889,0.81,0.428,0.389,0.445,0.42
380,Fall - 2012,(low),115,c,0.463,0.481,0.264,0.281,0.228,0.2
380,Spring - 2012,(high),114,c,2.15,2.09,1.03,0.95,1.13,1.14
380,Spring - 2012,(low),113,c,0.349,0.22,0.258,0.129,0.107,0.0905
380,Spring - 2014,(high),122,c,1.7,2.23,0.59,0.39,1.1,1.84
380,Spring - 2014,(low),121,c,0.555,0.837,0.139,0.167,0.418,0.67
381,Fall - 2012,(low),115,d,0.463,0.482,NA,NA,NA,NA
381,Spring - 2012,(low),113,d,0.349,0.387,NA,NA,0.107,0.116
381,Spring - 2013,(low),117,d,0.641,0.6544,NA,NA,0.22,0.2086
384,Spring - 2014,(high),122,d,1.7,1.607,NA,NA,NA,NA
386,Fall - 2015,(high),128,c,3.53,3.7,0.518,0.6,3.04,3.1
386,Spring - 2012,(high),114,c,2.15,2.02,1.03,1.1,1.13,0.92
386,Spring - 2012,(low),113,c,0.349,0.6,0.258,0.5,0.107,0.1
386,Spring - 2013,(high),118,c,1.48,1.59,0.93,1,0.59,0.59
386,Spring - 2013,(low),117,c,0.641,0.81,0.44,0.6,0.22,0.21
386,Spring - 2014,(high),122,c,1.7,1.79,0.59,0.8,1.1,0.99
386,Spring - 2014,(low),121,c,0.555,0.9,0.139,0.5,0.418,0.4
386,Spring - 2015,(high),126,c,1.86,2.01,0.392,0.6,1.48,1.41
386,Spring - 2018,(high),138,c,1.27,1.43,0.495,0.6,0.79,0.83
388,Fall - 2012,(high),116,c,0.889,0.93,0.428,0.49,0.445,0.44
388,Fall - 2013,(high),120,c,1.21,1.2,0.54,0.52,0.692,0.68
388,Fall - 2013,(low),119,c,0.536,0.61,0.267,0.3,0.271,0.31
388,Fall - 2014,(high),124,c,0.73,0.76,0.212,0.23,0.556,0.53
388,Fall - 2014,(low),123,c,0.555,0.533,0.32,0.293,0.257,0.24
388,Fall - 2016,(high),132,d,1.24,0.36,NA,NA,0.933,0.9
388,Fall - 2016,(low),131,d,0.491,0.24,NA,NA,0.362,0.38
388,Spring - 2012,(high),114,c,2.15,1.99,1.03,0.89,1.13,1.1
388,Spring - 2012,(low),113,c,0.349,0.39,0.258,0.27,0.107,0.12
388,Spring - 2013,(high),118,c,1.48,1.62,0.93,0.97,0.59,0.65
388,Spring - 2013,(low),117,c,0.641,0.68,0.44,0.44,0.22,0.24
388,Spring - 2014,(high),122,c,1.7,1.56,0.59,0.45,1.1,1.11
388,Spring - 2015,(high),126,c,1.86,1.79,0.392,0.35,1.48,1.44
388,Spring - 2015,(low),125,c,0.464,0.47,0.162,0.15,0.307,0.32
388,Spring - 2017,(high),134,d,0.98,0.2,NA,NA,0.801,0.77
388,Spring - 2017,(low),133,d,0.199,0.1,NA,NA,0.09,0.09
397,Fall - 2015,(high),128,c,3.53,3.633,0.518,0.319,3.04,3.314
407,Spring - 2013,(high),118,d,1.48,1.51,0.93,1.36,0.59,0.6
407,Spring - 2013,(low),117,d,0.641,0.623,0.44,0.553,0.22,0.21
410,Fall - 2014,(low),123,c,0.555,0.767,0.32,0.46,0.257,0.307
411,Spring - 2012,(low),113,d,0.349,0.367,NA,NA,0.107,0.109
413,Spring - 2012,(high),114,c,2.15,2.2952,1.03,1.04,1.13,1.2552
413,Spring - 2012,(low),113,c,0.349,0.3219,0.258,0.22,0.107,0.1019
416,Fall - 2012,(high),116,d,0.889,0.835,NA,NA,NA,NA
416,Fall - 2012,(low),115,d,0.463,0.622,NA,NA,NA,NA
416,Fall - 2013,(high),120,d,1.21,1.2,NA,NA,NA,NA
416,Fall - 2013,(low),119,d,0.536,0.542,NA,NA,NA,NA
416,Spring - 2015,(high),126,d,1.86,1.88,NA,NA,NA,NA
416,Spring - 2015,(low),125,d,0.464,0.431,NA,NA,NA,NA
416,Spring - 2016,(low),129,d,0.48,0.48,NA,NA,0.267,0.267
416,Spring - 2016,(high),130,d,2.32,3.38,NA,NA,1.81,1.82
416,Spring - 2018,(low),137,d,0.45,0.441,NA,NA,NA,NA
417,Fall - 2012,(high),116,d,0.889,0.948,NA,NA,0.445,0.487
417,Fall - 2012,(low),115,d,0.463,0.489,NA,NA,0.228,0.25
417,Fall - 2015,(high),128,d,3.53,3.8,NA,NA,3.04,3.365
417,Fall - 2015,(low),127,d,0.437,0.447,NA,NA,0.302,0.331
417,Fall - 2017,(high),136,d,1.06,1.098,NA,NA,0.639,0.658
417,Fall - 2017,(low),135,d,0.616,0.63,NA,NA,0.436,0.47
417,Spring - 2014,(high),122,d,1.7,1.755,NA,NA,1.1,1.125
417,Spring - 2014,(low),121,d,0.555,0.549,NA,NA,0.418,0.423
417,Spring - 2016,(high),130,d,2.32,2.443,NA,NA,1.81,2.005
417,Spring - 2016,(low),129,d,0.48,0.438,NA,NA,0.267,0.287
419,Fall - 2012,(high),116,d,0.889,0.899,NA,NA,0.445,0.439
419,Fall - 2012,(low),115,d,0.463,0.446,NA,NA,0.228,0.227
419,Fall - 2013,(high),120,d,1.21,1.21,NA,NA,0.692,0.704
419,Fall - 2013,(low),119,d,0.536,0.509,NA,NA,0.271,0.266
419,Fall - 2014,(high),124,d,0.73,0.74,NA,NA,NA,NA
419,Fall - 2014,(low),123,d,0.555,0.543,NA,NA,NA,NA
419,Fall - 2015,(high),128,d,3.53,3.35,NA,NA,3.04,3.15
419,Fall - 2015,(low),127,d,0.437,0.428,NA,NA,0.302,0.289
419,Fall - 2016,(high),132,d,1.24,1.17,NA,NA,0.933,0.913
419,Fall - 2016,(low),131,d,0.491,0.474,NA,NA,0.362,0.342
419,Fall - 2017,(high),136,d,1.06,1.1,NA,NA,0.639,0.631
419,Fall - 2017,(low),135,d,0.616,0.593,NA,NA,0.436,0.42
419,Fall - 2018,(high),140,d,1.14,1.16,NA,NA,0.663,0.665
419,Fall - 2018,(low),139,d,0.307,0.285,NA,NA,0.2,0.185
419,Spring - 2012,(high),114,d,2.15,2.13,NA,NA,1.13,1.09
419,Spring - 2012,(low),113,d,0.349,0.334,NA,NA,0.107,0.103
419,Spring - 2013,(high),118,d,1.48,1.48,NA,NA,0.59,0.58
419,Spring - 2013,(low),117,d,0.641,0.62,NA,NA,0.22,0.214
419,Spring - 2014,(high),122,d,1.7,1.74,NA,NA,1.1,1.07
419,Spring - 2014,(low),121,d,0.555,0.55,NA,NA,0.418,0.404
419,Spring - 2015,(high),126,d,1.86,1.81,NA,NA,1.48,1.44
419,Spring - 2015,(low),125,d,0.464,0.481,NA,NA,0.307,0.296
419,Spring - 2016,(high),130,d,2.32,2.35,NA,NA,1.81,1.79
419,Spring - 2016,(low),129,d,0.48,0.441,NA,NA,0.267,0.256
419,Spring - 2018,(high),138,d,1.27,1.24,NA,NA,0.79,0.767
419,Spring - 2018,(low),137,d,0.45,0.476,NA,NA,0.326,0.318
421,Spring - 2016,(low),129,d,0.48,0.479,NA,NA,0.267,0.267
430,Fall - 2012,(low),115,d,0.463,0.501,NA,NA,0.228,0.251
430,Fall - 2015,(low),127,d,0.437,0.575,NA,NA,0.302,0.315
430,Spring - 2012,(low),113,c,0.349,0.341,0.258,0.227,0.107,0.114
430,Spring - 2013,(low),117,d,0.641,0.631,NA,NA,0.22,0.217
430,Spring - 2016,(low),129,d,0.48,1.89,NA,NA,0.267,0.253
435,Fall - 2012,(low),115,d,0.463,0.262,NA,NA,0.228,0.192
435,Fall - 2013,(low),119,d,0.536,0.494,NA,NA,0.271,0.261
435,Fall - 2015,(low),127,d,0.437,0.439,NA,NA,0.302,0.3
435,Fall - 2016,(low),131,d,0.491,0.476,NA,NA,0.362,0.352
435,Fall - 2017,(low),135,d,0.616,0.617,NA,NA,0.436,0.44
435,Fall - 2018,(low),139,d,0.307,0.299,NA,NA,0.2,0.197
435,Spring - 2012,(high),114,d,2.15,1.49,NA,NA,1.13,3.87
435,Spring - 2014,(low),121,d,0.555,0.552,NA,NA,0.418,0.404
435,Spring - 2015,(low),125,d,0.464,0.42,NA,NA,0.307,0.318
435,Spring - 2016,(high),130,d,2.32,2.23,NA,NA,1.81,1.85
435,Spring - 2017,(low),133,d,0.199,0.207,NA,NA,0.09,0.09
435,Spring - 2018,(low),137,d,0.45,0.375,NA,NA,0.326,0.327
446,Fall - 2014,(high),124,d,0.73,0.706,NA,NA,0.556,0.573
446,Fall - 2014,(low),123,d,0.555,0.521,NA,NA,0.257,0.26
446,Fall - 2016,(high),132,d,1.24,1.209,NA,NA,0.933,0.922
446,Fall - 2016,(low),131,d,0.491,0.507,NA,NA,0.362,0.357
446,Fall - 2018,(high),140,d,1.14,1.122,NA,NA,0.663,0.695
446,Fall - 2018,(low),139,d,0.307,0.301,NA,NA,0.2,0.216
446,Spring - 2013,(high),118,d,1.48,1.465,NA,NA,0.59,0.602
446,Spring - 2013,(low),117,d,0.641,0.591,NA,NA,0.22,0.189
446,Spring - 2014,(low),121,d,0.555,0.524,NA,NA,NA,NA
446,Spring - 2015,(high),126,d,1.86,1.913,NA,NA,1.48,1.788
446,Spring - 2015,(low),125,d,0.464,0.47,NA,NA,0.307,0.431
446,Spring - 2016,(high),130,d,2.32,1.725,NA,NA,1.81,1.885
446,Spring - 2016,(low),129,d,0.48,0.535,NA,NA,0.267,0.248
447,Fall - 2012,(high),116,c,0.889,0.898,0.428,0.412,0.445,0.486
447,Fall - 2012,(low),115,c,0.463,0.425,0.264,0.205,0.228,0.22
447,Fall - 2013,(high),120,d,1.21,1.213,NA,NA,0.692,0.674
447,Fall - 2013,(low),119,d,0.536,0.589,NA,NA,0.271,0.265
447,Fall - 2015,(high),128,d,3.53,3.56,NA,NA,3.04,3.015
447,Fall - 2015,(low),127,d,0.437,0.412,NA,NA,0.302,0.294
447,Fall - 2016,(high),132,d,1.24,1.14,NA,NA,0.933,0.9137
447,Fall - 2016,(low),131,d,0.491,0.461,NA,NA,0.362,0.3582
447,Fall - 2017,(high),136,c,1.06,1.054,0.409,0.446,0.639,0.608
447,Fall - 2017,(low),135,c,0.616,0.55,0.18,0.141,0.436,0.409
447,Fall - 2018,(high),140,d,1.14,0.9903,NA,NA,0.663,0.6524
447,Fall - 2018,(low),139,d,0.307,0.1798,NA,NA,0.2,0.1925
447,Spring - 2012,(high),114,c,2.15,2.179,1.03,1.047,1.13,1.132
447,Spring - 2012,(low),113,c,0.349,0.347,0.258,0.2377,0.107,0.109
447,Spring - 2013,(high),118,d,1.48,1.512,NA,NA,0.59,0.566
447,Spring - 2013,(low),117,d,0.641,0.64,NA,NA,0.22,0.2075
447,Spring - 2016,(high),130,c,2.32,2.2598,0.547,0.4774,1.81,1.7824
447,Spring - 2016,(low),129,c,0.48,0.383,0.24,0.1256,0.267,0.2573
447,Spring - 2018,(high),138,d,1.27,1.3,NA,NA,0.79,0.797
447,Spring - 2018,(low),137,d,0.45,0.499,NA,NA,0.326,0.33
453,Fall - 2013,(low),119,c,0.536,0.66,0.267,0.38,0.271,0.28
454,Fall - 2016,(low),131,d,0.491,0.496,NA,NA,0.362,0.345
454,Spring - 2012,(low),113,d,0.349,0.326,NA,NA,0.107,0.104
454,Spring - 2013,(low),117,d,0.641,0.662,NA,NA,0.22,0.224
454,Spring - 2014,(low),121,d,0.555,0.552,NA,NA,0.418,0.422
454,Spring - 2015,(low),125,d,0.464,0.43,NA,NA,0.307,0.317
454,Spring - 2016,(low),129,d,0.48,0.494,NA,NA,0.267,0.272
537,Fall - 2012,(low),115,d,0.463,0.463,NA,NA,NA,NA
537,Fall - 2013,(low),119,d,0.536,0.536,NA,NA,0.271,0.271
537,Fall - 2014,(low),123,d,0.555,0.514,NA,NA,0.257,0.245
537,Fall - 2015,(low),127,d,0.437,0.445,NA,NA,0.302,0.3
537,Fall - 2016,(low),131,d,0.491,0.488,NA,NA,0.362,0.376
537,Fall - 2017,(low),135,d,0.616,0.567,NA,NA,0.436,0.424
537,Fall - 2018,(high),140,d,1.14,1.109,NA,NA,0.663,0.673
537,Fall - 2018,(low),139,d,0.307,0.501,NA,NA,0.2,0.239
537,Spring - 2012,(low),113,d,0.349,0.287,NA,NA,0.107,0.098
537,Spring - 2013,(low),117,d,0.641,0.62,NA,NA,0.22,0.215
537,Spring - 2014,(low),121,d,0.555,0.553,NA,NA,0.418,0.418
537,Spring - 2015,(low),125,d,0.464,0.463,NA,NA,0.307,0.316
537,Spring - 2016,(low),129,d,0.48,0.445,NA,NA,0.267,0.256
537,Spring - 2017,(low),133,d,0.199,0.208,NA,NA,0.09,0.091
537,Spring - 2018,(low),137,d,0.45,0.549,NA,NA,0.326,0.268
538,Fall - 2012,(high),116,d,0.889,0.888,0.428,0.636,0.445,0.455
538,Fall - 2012,(low),115,d,0.463,0.466,0.264,0.459,0.228,0.244
538,Fall - 2014,(high),124,c,0.73,1.089,0.212,0.526,0.556,0.563
538,Fall - 2015,(high),128,d,3.53,2.45,0.518,0.804,3.04,2.8
538,Fall - 2015,(low),127,d,0.437,1.153,0.139,0.456,0.302,0.259
538,Fall - 2017,(high),136,d,1.06,1.409,NA,NA,NA,NA
538,Fall - 2017,(low),135,d,0.616,1.157,NA,NA,NA,NA
538,Fall - 2018,(high),140,d,1.14,1.218,NA,NA,0.663,0.622
538,Fall - 2018,(low),139,d,0.307,0.251,NA,NA,0.2,0.181
538,Spring - 2012,(high),114,d,2.15,2.004,1.03,0.992,1.13,1.151
538,Spring - 2012,(low),113,d,0.349,0.587,0.258,0.2,0.107,0.104
538,Spring - 2015,(high),126,d,1.86,1.783,0.392,0.533,1.48,1.432
538,Spring - 2015,(low),125,d,0.464,1.078,0.162,0.575,0.307,0.252
538,Spring - 2016,(high),130,d,2.32,1.857,NA,NA,1.81,1.68
538,Spring - 2016,(low),129,d,0.48,0.698,NA,NA,0.267,0.263
538,Spring - 2017,(high),134,d,0.98,1.169,NA,NA,0.801,0.56
538,Spring - 2017,(low),133,d,0.199,0.199,NA,NA,0.09,0.057
538,Spring - 2018,(high),138,d,1.27,1.244,NA,NA,0.79,0.807
538,Spring - 2018,(low),137,d,0.45,0.771,NA,NA,0.326,0.372
555,Fall - 2012,(high),116,d,0.889,0.7,0.428,0.41,0.445,0.52
561,Spring - 2013,(high),118,c,1.48,1.55,0.93,0.93,0.59,0.62
561,Spring - 2013,(low),117,c,0.641,0.79,0.44,0.51,0.22,0.28
561,Spring - 2014,(high),122,c,1.7,1.56,0.59,0.56,1.1,1
561,Spring - 2014,(low),121,c,0.555,0.53,0.139,0.09,0.418,0.44
561,Spring - 2015,(high),126,c,1.86,1.68,0.392,0.24,1.48,1.44
561,Spring - 2016,(high),130,c,2.32,2.31,0.547,0.5,1.81,1.81
561,Spring - 2016,(low),129,c,0.48,0.47,0.24,0.18,0.267,0.29
561,Spring - 2018,(high),138,c,1.27,1.24,0.495,0.49,0.79,0.75
561,Spring - 2018,(low),137,c,0.45,0.48,0.143,0.17,0.326,0.31
562,Spring - 2018,(high),138,d,1.27,1.34,NA,NA,0.79,0.8
562,Spring - 2018,(low),137,d,0.45,0.467,NA,NA,0.326,0.329
564,Fall - 2018,(low),139,d,0.307,0.287,NA,NA,0.2,0.192
565,Fall - 2016,(high),132,d,1.24,1.206,NA,NA,0.933,1.007
565,Fall - 2017,(high),136,d,1.06,2.81,NA,NA,0.639,0.737
565,Fall - 2017,(low),135,d,0.616,0.776,NA,NA,0.436,0.45
565,Fall - 2018,(high),140,d,1.14,1.276,NA,NA,0.663,0.831
565,Fall - 2018,(low),139,d,0.307,0.299,NA,NA,0.2,0.214
565,Spring - 2016,(high),130,d,2.32,2.843,NA,NA,1.81,1.88
565,Spring - 2016,(low),129,d,0.48,0.52,NA,NA,0.267,0.268
565,Spring - 2017,(high),134,d,0.98,1.247,NA,NA,0.801,0.8409
565,Spring - 2017,(low),133,d,0.199,0.232,NA,NA,0.09,0.1773
565,Spring - 2018,(high),138,d,1.27,2.876,NA,NA,0.79,0.728
565,Spring - 2018,(low),137,d,0.45,0.461,NA,NA,0.326,0.326
566,Fall - 2014,(high),124,c,0.73,0.76,0.212,0.2,0.556,0.56
566,Fall - 2014,(low),123,c,0.555,0.603,0.32,0.346,0.257,0.257
566,Fall - 2015,(high),128,c,3.53,3.37,0.518,0.37,3.04,3
566,Fall - 2016,(high),132,c,1.24,1.33,0.317,0.38,0.933,0.95
573,Fall - 2015,(low),127,d,0.437,0.4,NA,NA,0.302,0.324
574,Fall - 2015,(high),128,c,3.53,3.683,0.518,0.703,3.04,2.98
574,Fall - 2015,(low),127,c,0.437,0.428,0.139,0.139,0.302,0.289
574,Fall - 2016,(high),132,c,1.24,1.295,0.317,0.439,0.933,0.856
574,Fall - 2016,(low),131,c,0.491,0.546,0.14,0.219,0.362,0.327
574,Fall - 2017,(high),136,c,1.06,1.057,0.409,0.463,0.639,0.594
574,Fall - 2017,(low),135,c,0.616,0.588,0.18,0.187,0.436,0.401
577,Fall - 2016,(high),132,c,1.24,1.381,0.317,0.296,0.933,1.085
577,Fall - 2016,(low),131,c,0.491,0.529,0.14,0.119,0.362,0.41
589,Fall - 2017,(high),136,c,1.06,0.988,0.409,0.328,0.639,0.66
589,Fall - 2018,(high),140,c,1.14,1.251,0.486,0.604,0.663,0.647
589,Spring - 2018,(high),138,c,1.27,1.227,0.495,0.469,0.79,0.758
590,Fall - 2017,(low),135,d,0.616,0.461,NA,NA,0.436,0.376
591,Fall - 2018,(high),140,d,1.14,1.115,NA,NA,NA,NA
599,Fall - 2018,(high),140,d,1.14,0.695,NA,NA,NA,NA
599,Fall - 2018,(low),139,d,0.307,0.33,NA,NA,NA,NA
