lagoslakeid,programname,sampledepth_lagos,date,tn_d,no2no3,tkn,tn_censorcode,no2no3_censorcode,tkn_censorcode,tn_c
169,MN_MPCA,1,1991-09-26,0.361,0.01,340,NC3,LE3,NC3,0.35
217,MN_GPR,2,2000-06-06,0.5,0.05,530,NC4,LE2,NC4,0.58
217,MN_GPR,2,2000-08-14,0.88,0.05,880,NC4,LE2,NC4,0.93
217,MN_GPR,2,2000-10-03,0.61,0.05,610,NC4,LE2,NC4,0.66
217,MN_GPR,2,2002-06-17,0.2,0.05,200,NC4,LE2,NC4,0.25
217,MN_GPR,2,2002-10-02,0.6,0.05,600,NC4,LE2,NC4,0.65
217,MN_GPR,2,2004-05-24,1.6,0.05,1600,NC4,LE2,NC4,1.65
217,MN_GPR,2,2004-07-12,1.7,0.05,1700,NC4,LE2,NC4,1.75
217,MN_GPR,2,2004-09-07,0.94,0.05,940,NC4,LE2,NC4,0.99
217,MN_GPR,2,2006-05-15,1,0.05,1000,NC4,LE2,NC4,1.05
217,MN_GPR,2,2006-07-10,0.05,0.05,250,NC4,LE2,NC4,0.3
217,MN_GPR,2,2006-08-15,0.4,0.005,400,NC4,LE2,NC4,0.405
217,MN_GPR,2,2006-09-11,1.14,0.05,1140,NC4,LE2,NC4,1.19
217,MN_GPR,2,2006-10-03,0.7,0.03,700,NC4,LE2,NC4,0.73
217,MN_GPR,2,2008-05-12,1.24,0.05,1240,NC4,LE2,NC4,1.29
217,MN_GPR,2,2008-07-14,0.8,0.05,800,NC4,LE2,NC4,0.85
217,MN_GPR,2,2008-08-11,1.4,0.01,1400,NC4,LE2,NC4,1.41
217,MN_GPR,2,2008-09-08,0.76,0.05,760,NC4,LE2,NC4,0.81
217,MN_GPR,2,2008-10-02,0.6,0.005,600,NC4,LE2,NC4,0.605
217,MN_GPR,2,2010-06-29,1.2,0.005,1200,NC4,LE2,NC4,1.205
217,MN_GPR,2,2010-07-21,0.87,0.05,870,NC4,LE2,NC4,0.92
217,MN_GPR,2,2010-08-23,1,0.005,1000,NC4,LE2,NC4,1.005
217,MN_GPR,2,2010-09-13,2.05,0.05,2050,NC4,LE2,NC4,2.1
217,MN_GPR,2,2010-10-04,0.5,0.005,500,NC4,LE2,NC4,0.505
301,MN_GPR,0,2000-06-07,0.7,0.05,670,NC3,LE1,NC3,0.72
301,MN_GPR,0,2000-08-09,0.97,0.05,970,NC3,LE1,NC3,1.02
301,MN_GPR,0,2000-10-09,0.76,0.05,760,NC3,LE1,NC3,0.81
301,MN_GPR,0,2002-06-11,0.5,0.05,500,NC3,LE1,NC3,0.55
301,MN_GPR,0,2002-08-06,1,0.05,1000,NC3,LE1,NC3,1.05
301,MN_GPR,0,2002-10-01,0.5,0.05,500,NC3,LE1,NC3,0.55
301,MN_GPR,0,2004-05-25,1.3,0.05,1300,NC3,LE1,NC3,1.35
301,MN_GPR,0,2004-07-12,1.4,0.05,1400,NC3,LE1,NC3,1.45
301,MN_GPR,0,2004-09-08,1.5,0.05,1500,NC3,LE1,NC3,1.55
301,MN_GPR,0,2006-05-15,1.9,0.05,1900,NC3,LE1,NC3,1.95
301,MN_GPR,0,2006-06-19,0.5,0.005,500,NC3,LE1,NC3,0.505
301,MN_GPR,0,2006-07-11,0.63,0.05,630,NC3,LE1,NC3,0.68
301,MN_GPR,0,2006-08-14,1,0.005,1000,NC3,LE1,NC3,1.005
301,MN_GPR,0,2006-09-05,1.2,0.05,1200,NC3,LE1,NC3,1.25
301,MN_GPR,0,2006-10-04,1,0.03,1000,NC3,LE1,NC3,1.03
301,MN_GPR,0,2008-05-19,0.96,0.05,960,NC3,LE1,NC3,1.01
301,MN_GPR,0,2008-06-24,0.9,0.05,900,NC3,LE1,NC3,0.95
301,MN_GPR,0,2008-07-15,1.1,0.18,910,NC3,NC1,NC3,1.09
301,MN_GPR,0,2008-08-11,0.9,0.01,900,NC3,LE1,NC3,0.91
301,MN_GPR,0,2008-09-15,1.06,0.05,1060,NC3,LE1,NC3,1.11
301,MN_GPR,0,2008-10-14,0.56,0.005,560,NC3,LE1,NC3,0.565
301,MN_GPR,0,2010-05-20,1.15,0.05,1150,NC3,LE1,NC3,1.2
301,MN_GPR,0,2010-06-07,1.4,0.005,1400,NC3,LE1,NC3,1.405
301,MN_GPR,0,2010-07-13,0.99,0.05,990,NC3,LE1,NC3,1.04
301,MN_GPR,0,2010-09-14,2.98,0.05,2980,NC3,LE1,NC3,3.03
301,MN_GPR,0,2010-10-05,0.8,0.005,800,NC3,LE1,NC3,0.805
413,MN_MPCA,2,1998-07-28,0.98,0.061,980,NC4,NC4,NC4,1.041
442,MN_MPCA,0,1951-07-10,1.98,0.02,1100,NC3,NC3,NC3,1.12
442,MN_MPCA,15.24,1951-07-10,1.22,0.1,1100,NC3,NC3,NC3,1.2
531,MN_MPCA,0,1969-08-06,0.262,0.03,70,NC3,NC3,NC3,0.1
540,MN_MPCA,1.22,1971-03-08,0.74,0.138,600,NC3,NC3,NC3,0.738
540,MN_MPCA,3.66,1971-03-08,0.95,0.145,800,NC3,NC3,NC3,0.945
540,MN_MPCA,5.18,1971-03-08,0.66,0.058,600,NC3,NC3,NC3,0.658
540,MN_MPCA,4.88,1972-03-13,0.22,0.032,180,NC3,NC3,NC3,0.212
610,MN_MPCA,0,1961-09-26,1.36,0.05,1270,NC3,NC3,NC3,1.32
610,MN_MPCA,5.79,1971-03-16,1.61,0.08,1520,NC3,NC3,NC3,1.6
685,MN_MPCA,1.22,1971-03-17,1.43,0.37,1050,NC3,NC3,NC3,1.42
685,MN_MPCA,3.66,1971-03-17,1.02,0.31,700,NC3,NC3,NC3,1.01
685,MN_MPCA,6.4,1971-03-17,1.56,0.22,1300,NC3,NC3,NC3,1.52
766,MN_MPCA,0,1946-10-23,0.8,0.02,770,NC3,NC3,NC3,0.79
766,MN_MPCA,0,1969-07-14,1.27,0.39,1220,NC3,NC3,NC3,1.61
827,WI_LTER,1,1996-02-13,1.224,0.489,800,NC2,NC4,NC3,1.289
827,WI_LTER,0,1996-05-02,0.868,0.195,500,NC2,NC4,NC4,0.695
827,WI_LTER,0,1996-05-15,0.96,0.192,600,NC2,NC4,NC3,0.792
827,WI_LTER,0,1996-05-30,0.953,0.158,700,NC2,NC4,NC3,0.858
827,WI_LTER,0,1996-06-11,0.817,0.138,700,NC2,NC4,NC3,0.838
827,WI_LTER,0,1996-06-24,0.929,0.064,820,NC2,NC4,NC3,0.884
827,WI_LTER,0,1996-07-10,1.184,0.013,1200,NC2,NC3,NC4,1.213
827,WI_LTER,0,1996-07-24,0.933,0,1040,NC2,LE3,NC3,1.04
827,WI_LTER,0,1996-08-07,0.657,0,1000,NC2,NC3,NC3,1
827,WI_LTER,0,1996-08-21,0.876,0.003,900,NC2,NC4,NC4,0.903
827,WI_LTER,0,1996-11-07,0.822,0.037,1000,NC2,NC4,NC3,1.037
827,WI_LTER,0,1997-04-10,1.31,0.297,1000,NC2,NC4,NC3,1.297
827,WI_LTER,0,1997-05-05,1.066,0.253,800,NC2,NC4,NC3,1.053
827,WI_LTER,0,1997-06-11,0.597,0,600,NC2,LE3,NC3,0.6
827,WI_LTER,0,1997-07-08,0.985,0.556,1000,NC1,NC3,NC4,1.556
827,WI_LTER,0,1997-07-25,1.099,0.01,1000,NC2,LE4,NC4,1.01
827,WI_LTER,0,1997-10-28,0.894,0.038,1000,NC2,NC4,NC4,1.038
827,WI_LTER,0,1997-11-20,0.926,0.117,800,NC2,NC4,NC4,0.917
827,WI_LTER,0,1998-03-25,1.148,0.38,740,NC2,NC4,NC3,1.12
827,WI_LTER,0,1998-04-15,1.12,0.092,840,NC2,NC4,NC3,0.932
827,WI_LTER,0,1998-05-12,0.776,0.072,720,NC2,NC4,NC3,0.792
827,WI_LTER,0,1998-06-10,1.009,0.017,1030,NC2,NC3,NC3,1.047
827,WI_LTER,0,1998-06-24,0.916,0.006,990,NC2,NC4,NC3,0.996
827,WI_LTER,0,1999-04-28,0.927,0.211,830,NC2,NC4,NC4,1.041
827,WI_LTER,0,1999-05-11,0.774,0.08,790,NC2,NC4,NC4,0.87
827,WI_LTER,0,1999-05-24,0.765,0.03,860,NC2,NC4,NC4,0.89
827,WI_LTER,0,1999-06-08,0.898,0.009,850,NC2,NC4,NC4,0.859
827,WI_LTER,0,1999-06-22,0.766,0.006,930,NC2,NC4,NC4,0.936
827,WI_LTER,0,1999-07-09,0.011,0.02,1310,LE2,NC3,NC4,1.33
827,WI_LTER,0,1999-07-19,1.07,0.012,1120,NC2,NC4,NC4,1.132
827,WI_LTER,0,1999-08-03,0.943,0.006,910,NC2,NC3,NC4,0.916
827,WI_LTER,0,1999-08-17,0.827,0.024,980,NC1,NC3,NC3,1.004
827,WI_LTER,0,1999-08-31,0.903,0.008,990,NC2,NC4,NC4,0.998
827,WI_LTER,0,1999-09-28,1.035,0.013,1040,NC2,NC4,NC4,1.053
827,WI_LTER,0,1999-10-25,0.843,0.022,780,NC2,NC4,NC4,0.802
827,WI_LTER,0,1999-11-29,0.833,0.085,730,NC2,NC4,NC4,0.815
827,WI_LTER,1,2000-02-24,1.079,0.271,930,NC2,NC4,NC4,1.201
827,WI_LTER,0,2000-03-16,1.027,0.344,790,NC2,NC4,NC4,1.134
827,WI_LTER,0,2000-04-12,0.829,0.188,700,NC2,NC4,NC4,0.888
827,WI_LTER,0,2000-04-26,0.742,0.167,670,NC2,NC4,NC4,0.837
827,WI_LTER,0,2000-05-10,0.837,0.071,850,NC2,NC4,NC4,0.921
827,WI_LTER,0,2000-05-24,0.698,0.024,890,NC2,NC4,NC4,0.914
827,WI_LTER,0,2000-06-05,0.94,0.09,760,NC2,NC4,NC4,0.85
827,WI_LTER,0,2000-06-20,0.908,0.006,890,NC2,NC4,NC4,0.896
827,WI_LTER,0,2000-07-04,0.933,0.008,980,NC2,NC3,NC3,0.988
827,WI_LTER,0,2000-07-18,1.011,0.012,950,NC1,NC4,NC4,0.962
827,WI_LTER,0,2000-08-01,1.055,0.004,1060,NC2,NC3,NC4,1.064
827,WI_LTER,0,2000-08-14,1.025,0.002,1090,NC2,NC4,NC4,1.092
827,WI_LTER,0,2000-08-29,1.049,0.007,780,NC2,NC3,NC4,0.787
827,WI_LTER,0,2000-09-26,1.007,0.012,1210,NC2,NC4,NC4,1.222
827,WI_LTER,0,2000-10-23,0.862,0.008,680,NC1,NC4,NC4,0.688
827,WI_LTER,0,2000-11-20,1.201,0.111,760,NC1,NC4,NC4,0.871
827,WI_LTER,0,2001-01-08,0.939,0.193,790,NC2,NC4,NC4,0.983
827,WI_LTER,0,2001-04-12,0.997,0.264,610,NC2,NC3,NC4,0.874
827,WI_LTER,0,2001-04-23,0.823,0.131,1030,NC2,NC4,NC4,1.161
827,WI_LTER,0,2001-05-07,1.015,0.079,1110,NC2,NC4,NC4,1.189
827,WI_LTER,0,2001-05-23,1.096,0.006,1340,NC2,NC3,NC4,1.346
827,WI_LTER,0,2001-06-06,1.172,0.015,1200,NC2,NC3,NC4,1.215
827,WI_LTER,0,2001-06-18,0.957,0.004,920,NC2,NC4,NC4,0.924
827,WI_LTER,0,2001-07-03,1.08,0.005,1200,NC2,NC3,NC4,1.205
827,WI_LTER,0,2001-07-16,1.01,0.027,912,NC2,NC3,NC3,0.939
827,WI_LTER,0,2001-08-01,0.869,0.011,870,NC2,NC4,NC3,0.881
827,WI_LTER,0,2001-08-15,1.202,0.018,1120,NC2,NC3,NC3,1.138
827,WI_LTER,0,2001-08-28,0.903,0.011,930,NC2,NC4,NC3,0.941
827,WI_LTER,0,2001-09-24,1.422,0.059,1190,NC2,NC3,NC3,1.249
827,WI_LTER,0,2001-10-25,0.992,0.022,1340,NC2,NC4,NC4,1.362
827,WI_LTER,0,2001-11-29,0.892,0.056,1160,NC1,NC4,NC4,1.216
827,WI_LTER,0,2002-03-19,1.113,0.272,870,NC2,NC4,NC4,1.142
827,WI_LTER,0,2002-03-26,1.187,1.68,1530,NC2,NC4,NC4,3.21
827,WI_LTER,0,2002-04-09,0.97,0.195,700,NC2,NC4,NC4,0.895
827,WI_LTER,0,2002-04-22,0.806,0.005,910,NC1,NC3,NC4,0.915
827,WI_LTER,0,2002-05-07,0.701,0.041,830,NC1,NC4,NC4,0.871
827,WI_LTER,0,2002-05-23,0.82,0.011,860,NC1,NC4,NC4,0.871
827,WI_LTER,0,2002-06-06,0.88,0.129,930,NC2,NC4,NC4,1.059
827,WI_LTER,0,2002-06-20,0.888,0.02,970,NC2,NC4,NC4,0.99
827,WI_LTER,0,2002-07-03,1.192,0.023,1160,NC2,NC4,NC4,1.183
827,WI_LTER,0,2002-07-18,0.925,0.072,1120,NC2,NC3,NC4,1.192
827,WI_LTER,0,2002-07-31,1.218,0.01,1180,NC2,NC4,NC4,1.19
827,WI_LTER,0,2002-08-15,1.352,0.006,1210,NC2,NC3,NC4,1.216
827,WI_LTER,0,2002-08-28,1.445,0.163,1320,NC2,NC3,NC4,1.483
827,WI_LTER,0,2002-09-26,1.352,0.05,1170,NC1,NC3,NC4,1.22
827,WI_LTER,0,2002-10-24,1.197,0.064,1010,NC2,NC3,NC4,1.074
827,WI_LTER,0,2002-11-20,1.229,0.15,990,NC1,NC4,NC4,1.14
827,WI_LTER,0,2003-01-28,0.979,0.292,670,NC1,NC4,NC4,0.962
827,WI_LTER,0,2003-08-22,1.866,0.048,1410,NC1,NC3,NC4,1.458
827,WI_LTER,0,2005-02-09,2.158,0.433,1610,NC1,NC4,NC4,2.043
827,WI_LTER,0,2005-04-29,0.389,0.012,560,NC1,NC3,NC4,0.572
827,WI_LTER,0,2005-05-12,0.327,0.026,850,NC1,NC3,NC4,0.876
827,WI_LTER,0,2005-05-25,0.617,0.011,630,NC2,NC4,NC4,0.641
827,WI_LTER,0,2005-06-08,0.733,0.008,600,NC2,NC4,NC4,0.608
827,WI_LTER,0,2005-06-22,0.739,0.001,630,NC2,NC3,NC3,0.631
827,WI_LTER,0,2005-07-06,0.865,0.005,1030,NC2,NC3,NC4,1.035
827,WI_LTER,0,2005-07-22,0.911,0.003,1080,NC2,NC4,NC3,1.083
827,WI_LTER,0,2005-08-04,0.834,0.012,910,NC2,NC4,NC4,0.922
827,WI_LTER,0,2005-08-16,0.754,0.005,730,NC2,NC4,NC3,0.735
827,WI_LTER,0,2005-08-31,0.91,0.001,960,NC2,NC4,NC4,0.961
827,WI_LTER,0,2005-09-29,0.911,0.005,870,NC2,NC4,NC4,0.875
827,WI_LTER,0,2005-10-26,1.166,0.076,1100,NC2,NC3,NC4,1.176
827,WI_LTER,0,2005-11-22,1.222,0.036,1030,NC2,NC4,NC4,1.066
827,WI_LTER,0,2006-02-22,1.273,0.006,1330,NC2,NC4,NC3,1.336
827,WI_LTER,0,2006-04-10,0.642,0.022,810,NC1,NC4,NC3,0.832
827,WI_LTER,0,2006-05-08,0.783,0.026,590,NC2,NC4,NC4,0.616
827,WI_LTER,0,2006-05-17,0.929,0.019,740,NC2,NC4,NC4,0.759
827,WI_LTER,0,2006-06-01,0.746,0.004,660,NC2,NC3,NC4,0.664
827,WI_LTER,0,2006-06-14,0.856,0.02,820,NC2,NC4,NC4,0.84
827,WI_LTER,0,2006-06-28,0.977,0.002,1020,NC2,NC3,NC4,1.022
827,WI_LTER,0,2006-07-12,1,0.002,1080,NC2,NC3,NC4,1.082
827,WI_LTER,0,2006-07-26,1.087,0.002,840,NC2,NC3,NC4,0.842
827,WI_LTER,0,2006-08-09,0.998,0.012,1280,NC2,NC3,NC4,1.292
827,WI_LTER,0,2006-08-22,0.874,0.002,1060,NC2,NC4,NC4,1.062
827,WI_LTER,0,2006-09-14,0.99,0.037,930,NC2,NC3,NC4,0.967
827,WI_LTER,0,2006-10-04,0.906,0,860,NC2,NC3,NC4,0.86
827,WI_LTER,0,2006-11-02,1.089,0.064,770,NC2,NC4,NC4,0.834
827,WI_LTER,0,2007-03-08,1.311,0.317,970,NC2,NC4,NC4,1.287
827,WI_LTER,0,2007-04-03,1.142,0.293,790,NC2,NC4,NC4,1.083
827,WI_LTER,0,2007-04-18,0.956,0.096,630,NC1,NC4,NC4,0.726
827,WI_LTER,0,2007-05-03,0.814,0.015,730,NC2,NC4,NC4,0.745
827,WI_LTER,0,2007-05-15,0.695,0.017,880,NC2,NC4,NC4,0.897
827,WI_LTER,0,2007-05-30,0.729,0.012,780,NC2,NC4,NC4,0.792
827,WI_LTER,0,2007-06-13,0.683,0.034,900,NC2,NC4,NC4,0.934
827,WI_LTER,0,2007-06-26,0.721,0.032,720,NC2,NC3,NC4,0.752
827,WI_LTER,0,2007-07-11,0.91,0.004,1090,NC2,NC4,NC4,1.094
827,WI_LTER,0,2007-07-24,0.928,0.058,1080,NC2,NC3,NC4,1.138
827,WI_LTER,0,2007-08-08,0.821,0.001,990,NC2,NC4,NC4,0.991
827,WI_LTER,0,2007-08-21,0.942,0.013,880,NC1,NC3,NC4,0.893
827,WI_LTER,0,2007-09-05,0.71,0.579,740,NC2,NC3,NC4,1.319
827,WI_LTER,0,2007-10-03,0.761,0.028,1100,NC1,NC3,NC3,1.128
827,WI_LTER,0,2007-10-31,1.173,0.035,1100,NC1,NC3,NC3,1.135
827,WI_LTER,0,2008-02-18,1.212,0.41,1010,NC2,NC3,NC3,1.42
827,WI_LTER,0,2008-04-15,0.809,0.4,760,NC1,NC4,NC3,1.16
827,WI_LTER,0,2008-05-13,0.626,0.062,670,NC2,NC4,NC4,0.732
827,WI_LTER,0,2008-07-09,0.448,0.016,750,NC2,NC4,NC4,0.766
827,WI_LTER,0,2008-10-06,0.573,0.001,610,NC1,NC3,NC4,0.611
827,WI_LTER,0,2008-11-03,0.706,0.076,640,NC2,NC4,NC4,0.716
827,WI_LTER,0,2009-02-16,0.718,0.174,490,NC2,NC4,NC3,0.664
827,WI_LTER,0,2009-04-13,0.902,0.129,730,NC2,NC4,NC4,0.859
827,WI_LTER,0,2009-04-29,0.728,0.058,650,NC1,NC4,NC4,0.708
827,WI_LTER,0,2009-05-12,0.598,0.029,670,NC2,NC4,NC4,0.699
827,WI_LTER,0,2009-05-27,0.656,0.037,650,NC2,NC3,NC4,0.687
827,WI_LTER,0,2009-06-22,0.689,0.023,650,NC2,NC3,NC4,0.673
827,WI_LTER,0,2009-07-07,0.508,0.191,760,NC1,NC3,NC4,0.951
827,WI_LTER,0,2009-07-21,0.759,0.041,690,NC2,NC4,NC4,0.731
827,WI_LTER,0,2009-08-03,0.734,0,740,NC2,LE3,NC4,0.74
827,WI_LTER,0,2009-08-17,0.675,0.026,660,NC2,NC4,NC4,0.686
827,WI_LTER,0,2009-08-31,0.608,0.036,650,NC2,NC4,NC4,0.686
827,WI_LTER,0,2009-10-02,0.729,0.021,660,NC2,NC4,NC4,0.681
827,WI_LTER,0,2009-11-04,0.916,0.02,770,NC1,NC3,NC4,0.79
827,WI_LTER,0,2010-02-05,1.416,0.361,770,NC1,NC4,NC4,1.131
827,WI_LTER,0,2010-03-30,0.868,0.332,580,NC1,NC4,NC4,0.912
827,WI_LTER,0,2010-04-14,1.029,0.088,670,NC2,NC4,NC4,0.758
827,WI_LTER,0,2010-04-27,0.707,0.026,550,NC2,NC4,NC4,0.576
827,WI_LTER,0,2010-05-12,0.877,0.04,720,NC2,NC4,NC4,0.76
827,WI_LTER,0,2010-05-26,0.706,0.032,800,NC1,NC4,NC4,0.832
827,WI_LTER,0,2010-06-10,0.807,0.028,840,NC2,NC4,NC4,0.868
827,WI_LTER,0,2010-06-22,0.615,0.024,770,NC2,NC4,NC3,0.794
827,WI_LTER,0,2010-07-07,0.755,0.007,690,NC1,NC3,NC3,0.697
827,WI_LTER,0,2010-07-21,0.812,0.005,800,NC1,NC4,NC4,0.805
827,WI_LTER,0,2010-08-05,0.777,0.006,850,NC1,NC4,NC4,0.856
827,WI_LTER,0,2010-08-17,0.905,0.002,940,NC1,NC4,NC4,0.942
827,WI_LTER,0,2010-08-31,0.892,0.056,1010,NC2,NC3,NC4,1.066
827,WI_LTER,0,2010-10-08,0.768,0.061,830,NC1,NC4,NC4,0.891
827,WI_LTER,0,2010-11-10,1.188,0.191,960,NC2,NC4,NC4,1.151
915,MN_MPCA,0,1968-07-26,0.57,0.02,420,NC3,NC3,NC3,0.44
950,WI_LDF,1,2010-09-01,0.6,0.01,600,NC4,LE1,NC2,0.61
950,WI_LDF,1,2011-08-29,0.4,0.05,400,NC4,LE1,NC2,0.45
1071,MN_MPCA,1,1991-09-24,0.3,0.01,310,NC3,LE3,NC3,0.32
1089,MN_MPCA,0,1975-07-21,0.296,0.01,261,NC3,NC3,NC3,0.271
1166,MN_MPCA,2,1998-06-29,1.71,0.005,1950,NC4,LE4,NC4,1.955
1334,MN_MPCA,2,1998-07-22,1.44,0.575,890,NC4,NC4,NC4,1.465
1337,MN_MPCA,0,1944-08-08,0.616,0.02,396,NC3,NC3,NC3,0.416
1340,MN_MPCA,1,1991-09-27,0.275,0.02,220,NC3,NC3,NC3,0.24
1361,MN_MPCA,1.22,1971-03-16,1.59,0.54,1040,NC3,NC3,NC3,1.58
1361,MN_MPCA,13.11,1971-03-16,1.79,0.23,1500,NC3,NC3,NC3,1.73
1361,MN_MPCA,2,1998-07-27,1.4,0.005,1330,NC4,LE4,NC4,1.335
1390,MN_MPCA,1,1991-09-26,0.407,0.011,370,NC3,NC3,NC3,0.381
1451,MN_MPCA,0,1948-08-03,0.328,0.1,225,NC3,NC3,NC3,0.325
1534,MN_MPCA,0,1971-08-09,1.153,0.025,600,NC3,NC3,NC3,0.625
1548,MN_MPCA,0.61,1971-02-25,2.75,0.215,2520,NC3,NC3,NC3,2.735
1548,MN_MPCA,4.57,1971-02-25,3.01,0.12,2870,NC3,NC3,NC3,2.99
1548,MN_MPCA,8.84,1971-02-25,2.81,0.138,2650,NC3,NC3,NC3,2.788
1548,MN_MPCA,1.22,1971-07-27,1.51,0.065,1420,NC3,NC3,NC3,1.485
1548,MN_MPCA,10.67,1971-07-27,2.34,0.058,2250,NC3,NC3,NC3,2.308
1548,MN_MPCA,1.22,1972-02-22,1.1,0.025,1060,NC3,NC3,NC3,1.085
1548,MN_MPCA,9.45,1972-02-22,2.64,0.01,2580,NC3,NC3,NC3,2.59
1696,MN_MPCA,3.66,1971-03-10,1.54,0.078,1450,NC3,NC3,NC3,1.528
1696,MN_MPCA,9.75,1971-03-10,0.87,0.012,850,NC3,NC3,NC3,0.862
1696,MN_MPCA,1.22,1972-02-14,1.83,0.02,1800,NC3,NC3,NC3,1.82
1764,MN_MPCA,1.22,1971-03-10,2.24,0.116,1100,NC3,NC3,NC3,1.216
1764,MN_MPCA,3.66,1971-03-10,1.88,0.7,1170,NC3,NC3,NC3,1.87
1764,MN_MPCA,5.49,1971-03-10,1.62,0.14,1450,NC3,NC3,NC3,1.59
1764,MN_MPCA,1.22,1972-02-14,1.61,0.04,1560,NC3,NC3,NC3,1.6
1764,MN_MPCA,7.01,1972-02-14,1.91,0.01,1880,NC3,NC3,NC3,1.89
1819,MN_MPCA,0,1947-09-26,1.096,0.08,516,NC3,NC3,NC3,0.596
1934,MN_MPCA,0,1969-06-16,0.55,0.048,380,NC3,NC3,NC3,0.428
1934,MN_MPCA,12.19,1971-03-24,2.5,0.51,1980,NC3,NC3,NC3,2.49
2002,MN_MPCA,1.22,1971-03-24,1.81,0.04,1700,NC3,NC3,NC3,1.74
2002,MN_MPCA,3.66,1971-03-24,1.76,0.04,1700,NC3,NC3,NC3,1.74
2002,MN_MPCA,7.62,1971-03-24,3.2,0.18,3000,NC3,NC3,NC3,3.18
2029,MN_MPCA,1.22,1971-03-22,0.75,0.13,610,NC3,NC3,NC3,0.74
2029,MN_MPCA,10.06,1971-03-22,0.66,0.18,570,NC3,NC3,NC3,0.75
2029,MN_MPCA,1.22,1972-03-08,0.27,0.2,60,NC3,NC3,NC3,0.26
2029,MN_MPCA,10.36,1972-03-08,0.24,0.17,60,NC3,NC3,NC3,0.23
2065,MN_MPCA,0,1969-08-18,1.575,0.058,1460,NC3,NC3,NC3,1.518
2073,MN_MPCA,2,1998-06-30,0.48,0.005,980,NC4,LE4,NC4,0.985
2147,MN_MPCA,0,1970-07-16,2.6,0.02,2870,NC3,NC3,NC3,2.89
2151,MN_MPCA,1,1991-09-19,0.371,0.05,300,NC3,NC3,NC3,0.35
2154,MN_MPCA,2,1998-06-29,1.43,0.005,1670,NC4,LE4,NC4,1.675
2165,MN_MPCA,0,1975-05-11,1.02,0.421,483,NC3,NC3,NC3,0.904
2270,MN_MPCA,0,1949-05-21,0.53,0.1,450,NC3,NC3,NC3,0.55
2270,MN_MPCA,10.06,1949-06-13,0.69,0.08,590,NC3,NC3,NC3,0.67
2270,MN_MPCA,0,1959-08-13,1.4,0.4,960,NC3,NC3,NC3,1.36
2337,MN_MPCA,1,1991-09-26,0.273,0.01,280,NC3,NC3,NC3,0.29
2397,MN_MPCA,1,1991-09-27,0.313,0.01,260,NC3,LE3,NC3,0.27
2471,WI_LDF,1,2010-09-01,0.4,0.01,400,NC4,LE1,NC2,0.41
2471,WI_LDF,1,2011-08-29,0.3,0.05,300,NC4,LE1,NC2,0.35
2532,MN_MPCA,9.75,1971-03-04,1.35,0.09,1250,NC3,NC3,NC3,1.34
2532,MN_MPCA,1.22,1972-02-10,0.68,0.01,650,NC3,NC3,NC3,0.66
2532,MN_MPCA,19.81,1972-02-10,1.13,0.01,1100,NC3,NC3,NC3,1.11
2545,MN_MPCA,1.22,1971-03-30,2.41,0.38,1980,NC3,NC3,NC3,2.36
2545,MN_MPCA,3.66,1971-03-30,2.39,0.18,2200,NC3,NC3,NC3,2.38
2545,MN_MPCA,10.36,1971-03-30,8.38,2.17,6200,NC3,NC3,NC3,8.37
2686,MN_MPCA,0,1969-09-30,2.41,14,2300,NC3,NC3,NC3,16.3
2746,WI_LTER,1,1996-02-08,1.098,0.113,800,NC2,NC4,NC3,0.913
2746,WI_LTER,0,1996-05-02,0.834,0.142,600,NC2,NC4,NC3,0.742
2746,WI_LTER,0,1996-05-15,0.762,0.102,600,NC2,NC4,NC3,0.702
2746,WI_LTER,0,1996-05-27,0.716,0.053,600,NC2,NC4,NC3,0.653
2746,WI_LTER,0,1996-06-10,0.792,0.01,710,NC2,NC4,NC3,0.72
2746,WI_LTER,0,1996-06-24,0.681,0.004,600,NC2,NC4,NC3,0.604
2746,WI_LTER,0,1996-07-24,0.722,0,800,NC2,LE3,NC3,0.8
2746,WI_LTER,0,1996-08-21,0.634,0,600,NC2,NC4,NC4,0.6
2746,WI_LTER,0,1997-04-10,0.793,0.029,700,NC2,NC4,NC4,0.729
2746,WI_LTER,0,1997-04-30,0.571,0.013,600,NC2,NC3,NC3,0.613
2746,WI_LTER,0,1997-05-27,0.646,0.017,600,NC2,NC4,NC3,0.617
2746,WI_LTER,0,1997-06-10,0.602,0,700,NC2,LE3,NC3,0.7
2746,WI_LTER,0,1997-07-08,0.571,0,600,NC2,LE3,NC4,0.6
2746,WI_LTER,0,1997-07-22,0.583,0.011,540,NC2,NC4,NC4,0.551
2746,WI_LTER,0,1997-10-28,0.774,0,700,NC2,LE3,NC3,0.7
2746,WI_LTER,0,1997-11-20,0.705,0.019,800,NC2,NC4,NC3,0.819
2746,WI_LTER,1,1998-01-29,0.862,0.082,500,NC2,NC4,NC3,0.582
2746,WI_LTER,0,1998-03-10,0.703,0.047,800,NC2,NC4,NC4,0.847
2746,WI_LTER,0,1998-04-07,0.671,0.06,300,NC2,NC4,NC4,0.36
2746,WI_LTER,4,1998-04-07,0.748,0.073,400,NC2,NC3,NC4,0.473
2746,WI_LTER,0,1998-04-23,0.748,0.01,640,NC2,NC4,NC3,0.65
2746,WI_LTER,4,1998-04-23,0.835,0.01,800,NC2,NC3,NC4,0.81
2746,WI_LTER,0,1998-05-12,0.734,0.072,720,NC2,NC4,NC4,0.792
2746,WI_LTER,4,1998-05-12,0.767,0.009,860,NC2,NC4,NC3,0.869
2746,WI_LTER,0,1998-05-27,0.835,0.041,910,NC2,NC4,NC4,0.951
2746,WI_LTER,4,1998-05-27,1.178,0.02,1290,NC2,NC4,NC4,1.31
2746,WI_LTER,0,1998-06-10,0.701,0.004,1000,NC2,NC4,NC4,1.004
2746,WI_LTER,0,1998-06-24,0.78,0.002,710,NC2,NC4,NC4,0.712
2746,WI_LTER,0,1998-07-07,0.708,0.013,1100,NC2,NC4,NC4,1.113
2746,WI_LTER,0,1998-07-22,0.848,0.003,710,NC2,NC4,NC4,0.713
2746,WI_LTER,4,1998-07-22,0.899,0.01,750,NC2,NC4,NC4,0.76
2746,WI_LTER,0,1998-08-05,0.822,0.011,830,NC2,NC4,NC4,0.841
2746,WI_LTER,0,1998-08-19,0.773,0.054,1370,NC2,NC4,NC4,1.424
2746,WI_LTER,4,1998-08-19,0.493,0.012,940,NC2,NC4,NC4,0.952
2746,WI_LTER,0,1998-09-01,1.166,0.006,940,NC2,NC4,NC4,0.946
2746,WI_LTER,0,1998-09-29,0.93,0.007,950,NC2,NC4,NC4,0.957
2746,WI_LTER,4,1998-09-29,1.018,0.064,1060,NC2,NC4,NC4,1.124
2746,WI_LTER,0,1998-10-26,0.941,0.079,1130,NC2,NC4,NC4,1.209
2746,WI_LTER,0,1998-11-24,0.606,0.204,950,NC2,NC4,NC4,1.154
2746,WI_LTER,0,1999-03-30,0.923,0.056,860,NC2,NC4,NC4,0.916
2746,WI_LTER,0,1999-04-13,0.823,0.074,760,NC2,NC4,NC4,0.834
2746,WI_LTER,0,1999-04-27,0.86,0.098,900,NC2,NC4,NC4,0.998
2746,WI_LTER,0,1999-05-11,0.733,0.016,900,NC2,NC4,NC4,0.916
2746,WI_LTER,0,1999-05-24,0.735,0.007,920,NC2,NC4,NC4,0.927
2746,WI_LTER,0,1999-06-09,0.747,0.004,890,NC2,NC4,NC4,0.894
2746,WI_LTER,0,1999-06-22,0.771,0.005,980,NC2,NC4,NC4,0.985
2746,WI_LTER,0,1999-07-09,0.901,0.004,840,NC2,NC4,NC4,0.844
2746,WI_LTER,0,1999-07-20,0.904,0.004,1030,NC2,NC4,NC4,1.034
2746,WI_LTER,0,1999-08-03,0.823,0.006,810,NC2,NC4,NC4,0.816
2746,WI_LTER,0,1999-08-18,0.956,0.005,980,NC2,NC4,NC4,0.985
2746,WI_LTER,0,1999-08-31,0.903,0.005,1070,NC2,NC4,NC4,1.075
2746,WI_LTER,0,1999-09-28,0.915,0.004,810,NC2,NC4,NC4,0.814
2746,WI_LTER,0,1999-10-25,0.988,0.008,870,NC2,NC4,NC4,0.878
2746,WI_LTER,0,1999-11-29,0.972,0.023,1030,NC2,NC3,NC4,1.053
2746,WI_LTER,1,2000-01-27,0.893,0.061,1010,NC2,NC4,NC4,1.071
2746,WI_LTER,0,2000-03-16,0.96,0.167,870,NC2,NC4,NC4,1.037
2746,WI_LTER,0,2000-04-12,0.834,0.154,840,NC2,NC4,NC4,0.994
2746,WI_LTER,0,2000-04-26,0.837,0.106,760,NC2,NC4,NC4,0.866
2746,WI_LTER,0,2000-05-10,0.742,0.018,920,NC2,NC4,NC4,0.938
2746,WI_LTER,0,2000-05-24,0.733,0.01,600,NC2,NC4,NC4,0.61
2746,WI_LTER,0,2000-06-05,0.749,0.011,780,NC2,NC4,NC4,0.791
2746,WI_LTER,0,2000-06-21,0.716,0.004,740,NC2,NC4,NC4,0.744
2746,WI_LTER,0,2000-07-04,0.656,0.009,790,NC2,NC4,NC3,0.799
2746,WI_LTER,0,2000-07-18,0.592,0.004,720,NC2,NC4,NC4,0.724
2746,WI_LTER,0,2000-08-02,0.714,0.002,700,NC2,NC4,NC4,0.702
2746,WI_LTER,0,2000-08-14,0.663,0.001,950,NC2,NC4,NC4,0.951
2746,WI_LTER,0,2000-08-29,0.596,0.002,640,NC1,NC4,NC4,0.642
2746,WI_LTER,0,2000-09-26,0.763,0,720,NC2,NC4,NC4,0.72
2746,WI_LTER,0,2000-10-23,0.618,0.006,600,NC2,NC4,NC4,0.606
2746,WI_LTER,0,2000-11-28,0.751,0.027,780,NC2,NC3,NC4,0.807
2746,WI_LTER,0,2001-01-09,0.796,0.013,790,NC2,NC3,NC4,0.803
2746,WI_LTER,0,2001-04-11,0.792,0.079,0,NC2,NC4,LE3,0.079
2746,WI_LTER,0,2001-04-24,0.72,0.082,890,NC2,NC4,NC4,0.972
2746,WI_LTER,0,2001-05-08,0.738,0.015,830,NC2,NC3,NC4,0.845
2746,WI_LTER,0,2001-05-23,1.128,0.001,1020,NC2,NC4,NC4,1.021
2746,WI_LTER,0,2001-06-06,0.895,0.01,1020,NC2,NC4,NC4,1.03
2746,WI_LTER,0,2001-06-19,0.953,0.005,990,NC2,NC4,NC4,0.995
2746,WI_LTER,0,2001-07-03,0.893,0.003,880,NC2,NC4,NC4,0.883
2746,WI_LTER,0,2001-07-18,0.927,0.022,1020,NC2,NC3,NC4,1.042
2746,WI_LTER,0,2001-08-01,1.027,0.003,1010,NC1,NC4,NC3,1.013
2746,WI_LTER,0,2001-08-15,1.056,0.029,950,NC2,NC4,NC3,0.979
2746,WI_LTER,0,2001-08-29,0.886,0.005,930,NC1,NC3,NC3,0.935
2746,WI_LTER,0,2001-09-25,0.859,0.017,910,NC1,NC4,NC3,0.927
2746,WI_LTER,8,2001-09-25,0.802,0.008,930,NC2,NC4,NC3,0.938
2746,WI_LTER,16,2001-09-25,2.154,0,2610,NC2,NC4,NC3,2.61
2746,WI_LTER,0,2001-10-24,0.643,0.01,990,NC1,NC4,NC4,1
2746,WI_LTER,0,2001-11-27,1.124,0.024,1010,NC1,NC3,NC4,1.034
2746,WI_LTER,0,2002-04-10,1.027,0.141,880,NC2,NC4,NC4,1.021
2746,WI_LTER,0,2002-04-25,1.027,0.15,800,NC2,NC4,NC4,0.95
2746,WI_LTER,0,2002-05-22,0.946,0.112,670,NC1,NC4,NC4,0.782
2746,WI_LTER,0,2002-06-05,0.952,0.032,790,NC1,NC4,NC4,0.822
2746,WI_LTER,4,2002-06-17,0.973,0.013,720,NC2,NC3,NC3,0.733
2746,WI_LTER,0,2002-07-02,0.644,0.002,670,NC2,NC4,NC4,0.672
2746,WI_LTER,0,2002-07-17,1.027,0.005,710,NC2,NC4,NC4,0.715
2746,WI_LTER,0,2002-07-27,0.888,0.083,700,NC2,NC4,NC4,0.783
2746,WI_LTER,0,2002-08-14,0.768,0.023,830,NC1,NC4,NC4,0.853
2746,WI_LTER,0,2002-08-27,0.894,0.009,750,NC2,NC4,NC4,0.759
2746,WI_LTER,0,2002-09-25,0.681,0.018,890,NC2,NC4,NC4,0.908
2746,WI_LTER,8,2002-09-25,0.75,0.026,720,NC2,NC3,NC4,0.746
2746,WI_LTER,16,2002-09-25,1.713,0.008,1960,NC1,NC4,NC4,1.968
2746,WI_LTER,0,2002-10-23,0.722,0.012,650,NC1,NC4,NC4,0.662
2746,WI_LTER,0,2002-11-21,0.951,0.014,820,NC1,NC4,NC4,0.834
2746,WI_LTER,8,2002-11-21,0.96,0.009,830,NC1,NC3,NC4,0.839
2746,WI_LTER,16,2002-11-21,0.951,0.025,740,NC1,NC4,NC4,0.765
2746,WI_LTER,0,2003-01-27,0.959,0.048,770,NC2,NC4,NC4,0.818
2854,MN_MPCA,1,1991-09-18,0.433,0.008,360,NC3,NC3,NC3,0.368
2984,MN_MPCA,2,1998-06-30,0.56,0.005,820,NC4,LE4,NC4,0.825
3006,MN_MPCA,0,1949-05-21,0.49,0.09,300,NC3,NC3,NC3,0.39
3006,MN_MPCA,0,1949-06-09,0.37,0.015,290,NC3,NC3,NC3,0.305
3006,MN_MPCA,0,1949-06-10,0.53,0.04,380,NC3,NC3,NC3,0.42
3006,MN_MPCA,10.67,1949-06-10,2.59,0.11,220,NC3,NC3,NC3,0.33
3006,MN_MPCA,24.38,1949-06-10,0.94,0.1,190,NC3,NC3,NC3,0.29
3006,MN_MPCA,0,1949-06-13,0.61,0.04,430,NC3,NC3,NC3,0.47
3006,MN_MPCA,6.1,1949-06-13,1.99,0.1,20,NC3,NC3,NC3,0.12
3006,MN_MPCA,7.32,1949-06-13,0.59,0.08,390,NC3,NC3,NC3,0.47
3006,MN_MPCA,12.19,1949-06-13,1.53,0.08,140,NC3,NC3,NC3,0.22
3006,MN_MPCA,15.24,1949-06-13,0.79,0.08,490,NC3,NC3,NC3,0.57
3006,MN_MPCA,0,1959-06-22,0.52,0.1,860,NC3,LE3,NC3,0.96
3006,MN_MPCA,0,1959-06-23,1.1,1.4,1100,NC3,NC3,NC3,2.5
3006,MN_MPCA,0,1959-06-26,1.6,0.5,1900,NC3,NC3,NC3,2.4
3006,MN_MPCA,0,1959-08-11,0.92,0.14,760,NC3,NC3,NC3,0.9
3006,MN_MPCA,0,1959-08-12,2.3,0.6,2200,NC3,NC3,NC3,2.8
3006,MN_MPCA,0,1959-08-13,1.2,0.4,840,NC3,NC3,NC3,1.24
3006,MN_MPCA,0,1977-07-21,0.6,0.005,1200,NC3,NC3,NC3,1.205
3013,MN_MPCA,2,1998-06-29,1.1,0.005,1510,NC4,NC4,NC4,1.515
3044,MN_MPCA,0,1946-06-29,0.414,0.04,368,NC3,NC3,NC3,0.408
3053,MN_MPCA,1.22,1971-03-16,1.01,0.2,800,NC3,NC3,NC3,1
3053,MN_MPCA,13.11,1971-03-16,10.11,0.09,10000,NC3,NC3,NC3,10.09
3060,MN_MPCA,1,1991-09-17,0.305,0.06,230,NC3,NC3,NC3,0.29
3092,MN_MPCA,0,1972-07-31,0.75,0.075,600,NC3,NC3,NC3,0.675
3122,MN_MPCA,1.22,1971-03-08,0.68,0.07,600,NC3,NC3,NC3,0.67
3122,MN_MPCA,3.66,1971-03-08,0.59,0.093,500,NC3,NC3,NC3,0.593
3122,MN_MPCA,13.41,1971-03-08,1.44,0.085,1350,NC3,NC3,NC3,1.435
3122,MN_MPCA,21.34,1972-02-22,1.19,0.02,1160,NC3,NC3,NC3,1.18
3346,MN_MPCA,1,1991-09-24,0.479,0.03,340,NC3,NC3,NC3,0.37
3467,MN_MPCA,0,1972-07-19,0.879,0.005,750,NC3,NC3,NC3,0.755
3573,MN_MPCA,0,1948-07-14,0.239,0.05,184,NC3,NC3,NC3,0.234
3613,MN_MPCA,2,1998-06-30,0.54,0.005,750,NC4,LE4,NC4,0.755
3617,MN_MPCA,1,1991-09-27,0.42,0.01,400,NC3,LE3,NC3,0.41
3637,MN_MPCA,0,1966-07-11,1.956,0.04,1765,NC3,NC3,NC3,1.805
3697,MN_MPCA,0,1947-07-31,0.783,0.13,400,NC3,NC3,NC3,0.53
3802,MN_MPCA,2,1998-06-29,1.08,0.005,1150,NC4,LE4,NC4,1.155
3881,WI_LDF,1,2010-09-01,0.5,0.01,500,NC4,LE1,NC2,0.51
3881,WI_LDF,1,2011-08-29,0.3,0.05,300,NC4,LE1,NC2,0.35
3881,WI_LDF,1,2012-02-27,0.3,0.01,300,NC4,LE1,NC2,0.31
4011,MN_MPCA,0,1971-08-23,1.505,0.001,1200,NC3,NC3,NC3,1.201
4097,MN_MPCA,1,1991-09-26,0.185,0.01,190,NC3,LE3,NC3,0.2
4164,MN_MPCA,2,1998-06-29,1.65,0.005,1520,NC4,NC4,NC4,1.525
4178,MN_MPCA,7.01,1972-03-06,0.65,0.27,330,NC3,NC3,NC3,0.6
4231,MN_MPCA,1,1991-09-24,0.266,0.03,270,NC3,NC3,NC3,0.3
4280,IA_CHEM,0,2010-06-07,9.02,11.41,0,NC2,NC2,LE2,11.41
4280,IA_CHEM,0,2010-07-26,9.07,8.524299999999998,1033.5,NC2,NC2,NC2,9.557799999999999
4280,IA_CHEM,0,2010-09-09,3.37,2.0744000000000002,2435.9,NC2,NC2,NC2,4.5103
4280,IA_CHEM,0,2011-06-09,11.21,7.719600000000001,1545.3,NC2,NC2,NC2,9.264899999999999
4280,IA_CHEM,0,2011-07-25,11.04,11.1063,2854.1,NC2,NC2,NC2,13.9604
4285,IA_CHEM,0,2010-05-17,11.92,12.21,740,NC2,NC2,NC2,12.95
4285,IA_CHEM,0,2010-07-06,6.63,5.051,0,NC2,NC2,LE2,5.051
4285,IA_CHEM,0,2010-08-16,7.44,5.577100000000001,1157.3,NC2,NC2,NC2,6.734400000000001
4285,IA_CHEM,0,2011-05-17,9.17,8.691799999999999,0,NC2,NC2,LE2,8.691799999999999
4285,IA_CHEM,0,2011-06-28,11.55,9.8406,596.6,NC2,NC2,NC2,10.4372
4292,IA_CHEM,0,2010-05-19,0.4,0.19,0,NC2,NC2,LE2,0.19
4292,IA_CHEM,0,2010-07-07,0.69,0,1017,NC2,LE2,NC2,1.017
4292,IA_CHEM,0,2010-08-18,0.48,0,1160.6,NC2,LE2,NC2,1.1605999999999999
4292,IA_CHEM,0,2011-05-18,0.43,0,1366.7,NC2,LE2,NC2,1.3667
4292,IA_CHEM,0,2011-06-29,0.48,0.06559999999999999,923.3,NC2,LE2,NC2,0.9889
4312,IA_CHEM,0,2010-05-24,3.83,2.44,2130,NC2,NC2,NC2,4.57
4312,IA_CHEM,0,2010-07-12,0.82,0.0886,1568,NC2,LE2,NC2,1.6565999999999999
4312,IA_CHEM,0,2010-08-26,1.15,0,1348.7,NC2,LE2,NC2,1.3487
4312,IA_CHEM,0,2011-05-23,4.97,3.8614,1504.2,NC2,NC2,NC2,5.365600000000001
4312,IA_CHEM,0,2011-07-11,1.19,0,1201.3,NC2,LE2,NC2,1.2013
4314,IA_CHEM,0,2010-06-21,4.32,3.6281999999999996,1180,NC2,NC2,NC2,4.8082
4314,IA_CHEM,0,2010-08-09,2.77,1.8009000000000002,3065.8,NC2,NC2,NC2,4.866700000000001
4314,IA_CHEM,0,2010-09-23,1.98,0.8998999999999999,1905.9,NC2,NC2,NC2,2.8058
4314,IA_CHEM,0,2011-06-20,4.79,5.5114,216.9,NC2,NC2,NC2,5.728299999999999
4314,IA_CHEM,0,2011-08-10,0.93,0.0799,0,NC2,LE2,LE2,0.0799
4322,IA_CHEM,0,2010-06-23,0.79,0.002,2500,NC2,LE2,NC2,2.502
4322,IA_CHEM,0,2010-09-23,1.52,0.1663,1426,NC2,NC2,NC2,1.5923
4322,IA_CHEM,0,2011-06-22,1.55,0.1432,1715.3,NC2,NC2,NC2,1.8585
4322,IA_CHEM,0,2011-08-10,1.85,0,1245.7,NC2,LE2,NC2,1.2457
4328,IA_CHEM,0,2010-05-19,0.82,0.36,0,NC2,NC2,LE2,0.36
4328,IA_CHEM,0,2010-08-17,0.91,0,1580.2,NC2,LE2,NC2,1.5802
4328,IA_CHEM,0,2011-05-17,0.93,0.2142,191.8,NC2,NC2,NC2,0.406
4351,IA_CHEM,0,2010-05-24,1.42,0.05,0,NC2,LE2,LE2,0.05
4351,IA_CHEM,0,2010-07-12,0.98,0,1232.9,NC2,LE2,NC2,1.2329
4351,IA_CHEM,0,2010-08-23,0.92,0,2227.2,NC2,LE2,NC2,2.2272
4351,IA_CHEM,0,2011-05-23,0.78,0,762.2,NC2,LE2,NC2,0.7622000000000001
4351,IA_CHEM,0,2011-07-11,1.51,0,2570.7,NC2,LE2,NC2,2.5707
4363,IA_CHEM,0,2010-05-24,8.48,8.54,0,NC2,NC2,LE2,8.54
4363,IA_CHEM,0,2010-07-14,6.64,5.3163,54.8,NC2,NC2,LE2,5.3711
4363,IA_CHEM,0,2010-08-28,4.43,4.5447,400.6,NC2,NC2,NC2,4.9453000000000005
4363,IA_CHEM,0,2011-05-23,7.27,6.8632,956.8,NC2,NC2,NC2,7.82
4363,IA_CHEM,0,2011-07-11,9.3,6.739,1088,NC2,NC2,NC2,7.827
4389,IA_CHEM,0,2010-06-07,5.97,1.28,0,NC2,NC2,LE2,1.28
4389,IA_CHEM,0,2010-07-26,4.63,5.0395,413.1,NC2,NC2,NC2,5.4526
4389,IA_CHEM,0,2010-09-10,3.27,2.4825,3528.6,NC2,NC2,NC2,6.011100000000001
4389,IA_CHEM,0,2011-07-25,3.4,2.0286,2624.6,NC2,NC2,NC2,4.6532
4393,IA_CHEM,0,2010-06-07,9.64,11.23,0,NC2,NC2,LE2,11.23
4393,IA_CHEM,0,2010-07-26,7.72,8.556700000000001,0,NC2,NC2,LE2,8.556700000000001
4393,IA_CHEM,0,2010-09-07,5.09,4.873399999999999,1889.6,NC2,NC2,NC2,6.763
4393,IA_CHEM,0,2011-06-07,13.02,14.010299999999999,0,NC2,NC2,LE2,14.010299999999999
4393,IA_CHEM,0,2011-07-26,8.47,7.309,23.2,NC2,NC2,LE2,7.332199999999999
4395,IA_CHEM,0,2010-06-09,3.64,2.5,4790,NC2,NC2,NC2,7.29
4395,IA_CHEM,0,2010-07-28,4.65,4.6494,2225.6,NC2,NC2,NC2,6.875
4395,IA_CHEM,0,2010-09-07,2.76,0,3373.1,NC2,LE2,NC2,3.3731
4395,IA_CHEM,0,2011-06-08,5.96,3.8515,1032.8,NC2,NC2,NC2,4.8843000000000005
4395,IA_CHEM,0,2011-07-26,2.56,0.35919999999999996,3344.6,NC2,NC2,NC2,3.7037999999999998
4401,IA_CHEM,0,2010-06-08,4.39,0.99,0,NC2,NC2,LE2,0.99
4401,IA_CHEM,0,2010-07-27,3.7,2.9074,2456.4,NC2,NC2,NC2,5.3638
4401,IA_CHEM,0,2010-09-07,2.64,0.9673999999999999,2567.9,NC2,NC2,NC2,3.5353000000000003
4401,IA_CHEM,0,2011-06-07,4.96,3.8198000000000003,1011,NC2,NC2,NC2,4.8308
4401,IA_CHEM,0,2011-07-26,2.55,1.3120999999999998,3341.4,NC2,NC2,NC2,4.6535
4420,IA_CHEM,0,2010-06-08,1.02,0,390,NC2,LE2,NC2,0.39
4420,IA_CHEM,0,2010-07-27,0.81,0,1123.2,NC2,LE2,NC2,1.1232
4420,IA_CHEM,0,2010-09-07,1.57,0,1931,NC2,LE2,NC2,1.931
4420,IA_CHEM,0,2011-06-07,0.94,0,2021.4,NC2,LE2,NC2,2.0214000000000003
4420,IA_CHEM,0,2011-07-26,0.93,0,2216.6,NC2,LE2,NC2,2.2166
4440,IA_CHEM,0,2010-05-24,1.18,0,0,NC2,LE2,LE2,0
4440,IA_CHEM,0,2010-07-12,1.65,0,3268.6,NC2,LE2,NC2,3.2685999999999997
4440,IA_CHEM,0,2010-08-23,1.39,0,1328.3,NC2,LE2,NC2,1.3283
4440,IA_CHEM,0,2011-05-23,2.3,0.1515,3074.3,NC2,NC2,NC2,3.2258
4440,IA_CHEM,0,2011-07-11,1.58,0.0067,3442.9,NC2,LE2,NC2,3.4495999999999998
4448,IA_CHEM,0,2010-06-07,1.95,0,1150,NC2,LE2,NC2,1.15
4448,IA_CHEM,0,2010-07-26,1.74,0,156.5,NC2,LE2,NC2,0.1565
4448,IA_CHEM,0,2010-09-10,1.41,0.0087,2958.4,NC2,LE2,NC2,2.9671
4448,IA_CHEM,0,2011-06-06,2.51,0,93.7,NC2,LE2,LE2,0.0937
4448,IA_CHEM,0,2011-07-25,1.98,0,3578.6,NC2,LE2,NC2,3.5786
4473,IA_CHEM,0,2010-06-15,2.79,1.37,1490,NC2,NC2,NC2,2.86
4473,IA_CHEM,0,2010-08-03,1.29,0.4072,2620.3,NC2,NC2,NC2,3.0275
4473,IA_CHEM,0,2010-09-16,1.28,0.0242,0,NC2,LE2,LE2,0.0242
4473,IA_CHEM,0,2011-06-15,1.82,0.5292,1026.7,NC2,NC2,NC2,1.5559
4473,IA_CHEM,0,2011-08-02,1.97,0,1675.1,NC2,LE2,NC2,1.6750999999999998
4476,IA_CHEM,0,2010-05-19,0.86,0.16,0,NC2,NC2,LE2,0.16
4476,IA_CHEM,0,2010-07-07,1.8,0,2402.2,NC2,LE2,NC2,2.4021999999999997
4476,IA_CHEM,0,2010-08-17,1.11,0,1123.4,NC2,LE2,NC2,1.1234000000000002
4476,IA_CHEM,0,2011-05-17,0.78,0,664,NC2,LE2,NC2,0.664
4476,IA_CHEM,0,2011-06-29,1.35,0.0431,1434,NC2,LE2,NC2,1.4770999999999999
4478,IA_CHEM,0,2010-05-26,2,0,2220,NC2,LE2,NC2,2.22
4478,IA_CHEM,0,2010-07-14,0.95,0,158.9,NC2,LE2,NC2,0.1589
4478,IA_CHEM,0,2010-08-25,0.58,0,181.6,NC2,LE2,NC2,0.18159999999999998
4478,IA_CHEM,0,2011-05-25,1.43,0,0,NC2,LE2,LE2,0
4478,IA_CHEM,0,2011-07-12,0.83,0,657.3,NC2,LE2,NC2,0.6573
4481,IA_CHEM,0,2010-05-17,0.53,0.01,50,NC2,LE2,LE2,0.06
4481,IA_CHEM,0,2010-07-06,1.05,0,5822,NC2,LE2,NC2,5.822
4481,IA_CHEM,0,2010-08-16,1.2,0.0728,6811.6,NC2,LE2,NC2,6.8844
4481,IA_CHEM,0,2011-05-16,0.92,0.0251,0,NC2,LE2,LE2,0.0251
4481,IA_CHEM,0,2011-06-28,1.3,0,1143.2,NC2,LE2,NC2,1.1432
4482,IA_CHEM,0,2010-05-24,1,0,0,NC2,LE2,LE2,0
4482,IA_CHEM,0,2010-07-12,0.82,0,699,NC2,LE2,NC2,0.699
4482,IA_CHEM,0,2010-08-28,1.06,0,633.1,NC2,LE2,NC2,0.6331
4482,IA_CHEM,0,2011-05-23,0.76,0.0136,809.1,NC2,LE2,NC2,0.8227000000000001
4482,IA_CHEM,0,2011-07-11,0.79,0.08209999999999999,1615.3,NC2,NC2,NC2,1.6973999999999998
4494,IA_CHEM,0,2010-05-24,7.61,8.47,0,NC2,NC2,LE2,8.47
4494,IA_CHEM,0,2010-07-12,6.39,5.3323,1829.6,NC2,NC2,NC2,7.161899999999999
4494,IA_CHEM,0,2010-08-28,2.77,3.1479,534.5,NC2,NC2,NC2,3.6824
4494,IA_CHEM,0,2011-05-23,5.09,5.8019,282.4,NC2,NC2,NC2,6.084299999999999
4494,IA_CHEM,0,2011-07-11,9.16,7.0888,1819.1,NC2,NC2,NC2,8.9079
4510,IA_CHEM,0,2010-06-07,8.6,2.58,0,NC2,NC2,LE2,2.58
4510,IA_CHEM,0,2010-07-26,5.68,5.360600000000001,880.3,NC2,NC2,NC2,6.240900000000001
4510,IA_CHEM,0,2010-09-10,5.35,5.2091,2501.7,NC2,NC2,NC2,7.7108
4510,IA_CHEM,0,2011-06-06,10.68,9.388,109,NC2,NC2,NC2,9.497
4510,IA_CHEM,0,2011-07-25,6.18,3.231,2210.1,NC2,NC2,NC2,5.4411000000000005
4532,IA_CHEM,0,2010-06-09,2.98,0.07,3760,NC2,LE2,NC2,3.83
4532,IA_CHEM,0,2010-07-28,2.68,0,4009.3,NC2,LE2,NC2,4.0093000000000005
4532,IA_CHEM,0,2010-09-09,2.85,0,5237.9,NC2,LE2,NC2,5.2379
4532,IA_CHEM,0,2011-06-08,1.27,0,2333.6,NC2,LE2,NC2,2.3336
4532,IA_CHEM,0,2011-07-26,1.98,0,3936.9,NC2,LE2,NC2,3.9369
4538,WI_LDF,1,2010-09-01,0.6,0.01,600,NC4,LE1,NC2,0.61
4538,WI_LDF,1,2011-08-29,0.3,0.01,300,NC4,LE1,NC2,0.31
4542,IA_CHEM,0,2010-06-14,0.77,0.02,0,NC2,LE2,LE2,0.02
4542,IA_CHEM,0,2010-08-03,0.64,0,2768.8,NC2,LE2,NC2,2.7688
4542,IA_CHEM,0,2010-09-16,1.08,0.21630000000000002,122.7,NC2,NC2,NC2,0.339
4542,IA_CHEM,0,2011-06-15,1.37,0.1444,1180.6,NC2,NC2,NC2,1.325
4542,IA_CHEM,0,2011-08-02,1.4,0,1225.9,NC2,LE2,NC2,1.2259
4559,WI_LTER,0,2007-01-05,0.923,0.148,290,NC2,NC4,NC3,0.438
4559,WI_LTER,8,2007-01-05,1.099,0.151,710,NC2,NC4,NC4,0.861
4559,WI_LTER,20,2007-01-05,0.922,0.15,840,NC2,NC4,NC4,0.99
4559,WI_LTER,0,2007-02-26,1.249,0.181,790,NC2,NC4,NC4,0.971
4559,WI_LTER,8,2007-02-26,1.124,0.181,790,NC1,NC4,NC4,0.971
4559,WI_LTER,0,2007-04-17,0.946,0.192,740,NC2,NC4,NC4,0.932
4559,WI_LTER,20,2007-04-17,0.95,0.224,650,NC2,NC4,NC4,0.874
4559,WI_LTER,0,2007-08-07,0.624,0,840,NC2,LE3,NC4,0.84
4559,WI_LTER,4,2007-08-07,0.689,0,870,NC2,LE3,NC4,0.87
4559,WI_LTER,8,2007-08-07,0.588,0,740,NC2,LE3,NC4,0.74
4559,WI_LTER,12,2007-08-07,2.956,0,3350,NC1,LE3,NC4,3.35
4559,WI_LTER,16,2007-08-07,3.288,0,3820,NC2,LE3,NC4,3.82
4559,WI_LTER,20,2007-08-07,3.591,0,3930,NC2,LE3,NC3,3.93
4559,WI_LTER,0,2007-10-29,1.116,0.029,1050,NC1,NC4,NC4,1.079
4559,WI_LTER,4,2007-10-29,1.361,0.027,1200,NC2,NC4,NC3,1.227
4559,WI_LTER,20,2007-10-29,1.194,0.03,1100,NC2,NC3,NC3,1.13
4559,WI_LTER,0,2009-02-05,1.362,0.407,1170,NC2,NC4,NC4,1.577
4559,WI_LTER,8,2009-02-05,1.207,0.302,1000,NC2,NC4,NC4,1.302
4559,WI_LTER,20,2009-02-05,1.753,0,2620,NC2,LE3,NC4,2.62
4559,WI_LTER,0,2009-04-17,1.42,0.461,800,NC2,NC4,NC4,1.261
4559,WI_LTER,8,2009-04-17,1.396,0.599,580,NC2,NC4,NC4,1.179
4559,WI_LTER,0,2009-08-04,1.134,0,1090,NC1,LE3,NC4,1.09
4559,WI_LTER,4,2009-08-04,0.993,0,980,NC1,LE3,NC4,0.98
4559,WI_LTER,6,2009-08-04,0.687,0,820,NC2,LE3,NC4,0.82
4559,WI_LTER,8,2009-08-04,0.718,0.048,780,NC2,NC3,NC4,0.828
4559,WI_LTER,12,2009-08-04,2.542,0,2420,NC2,LE3,NC4,2.42
4559,WI_LTER,16,2009-08-04,3.006,0,3080,NC2,LE3,NC4,3.08
4559,WI_LTER,20,2009-08-04,3.044,0,3130,NC2,LE3,NC4,3.13
4559,WI_LTER,0,2009-10-30,1.359,0.039,1500,NC2,NC4,NC3,1.539
4559,WI_LTER,4,2009-10-30,1.401,0.035,1320,NC2,NC3,NC3,1.355
4559,WI_LTER,20,2009-10-30,1.358,0.038,1300,NC1,NC3,NC3,1.338
4559,WI_LTER,0,2010-02-03,1.652,0.382,1050,NC2,NC4,NC4,1.432
4559,WI_LTER,8,2010-02-03,1.49,0.391,970,NC2,NC4,NC4,1.361
4559,WI_LTER,20,2010-02-03,2.603,0.849,1700,NC2,NC4,NC4,2.549
4559,WI_LTER,0,2010-04-12,1.33,0.224,1110,NC2,NC4,NC4,1.334
4559,WI_LTER,8,2010-04-12,1.615,0.381,780,NC2,NC4,NC4,1.161
4559,WI_LTER,20,2010-04-12,1.287,0.376,820,NC2,NC4,NC4,1.196
4559,WI_LTER,0,2010-08-04,0.799,0,750,NC2,LE3,NC3,0.75
4559,WI_LTER,4,2010-08-04,0.672,0,750,NC2,LE3,NC3,0.75
4559,WI_LTER,8,2010-08-04,0.568,0.036,670,NC2,NC4,NC4,0.706
4559,WI_LTER,12,2010-08-04,1.757,0,2530,NC2,LE3,NC4,2.53
4559,WI_LTER,16,2010-08-04,2.113,0,2930,NC2,LE3,NC4,2.93
4559,WI_LTER,20,2010-08-04,2.356,0,3510,NC2,LE3,NC4,3.51
4559,WI_LTER,0,2010-11-02,1.223,0.039,970,NC2,NC4,NC3,1.009
4559,WI_LTER,4,2010-11-02,1.257,0.051,1020,NC2,NC4,NC4,1.071
4559,WI_LTER,20,2010-11-02,1.162,0.061,1060,NC1,NC4,NC4,1.121
4566,IA_CHEM,0,2010-05-17,2.85,2.85,380,NC2,NC2,NC2,3.23
4566,IA_CHEM,0,2010-07-06,2.88,0.3618,0,NC2,NC2,LE2,0.3618
4566,IA_CHEM,0,2010-08-16,2.74,0.2083,2354.8,NC2,NC2,NC2,2.5631000000000004
4566,IA_CHEM,0,2011-05-17,2.75,0.1326,2047.9,NC2,NC2,NC2,2.1805
4566,IA_CHEM,0,2011-06-28,3.77,1.4004,2081.8,NC2,NC2,NC2,3.4822
4572,IA_CHEM,0,2010-06-07,0.61,0,0,NC2,LE2,LE2,0
4572,IA_CHEM,0,2010-07-26,0.57,0,2076.2,NC2,LE2,NC2,2.0761999999999996
4572,IA_CHEM,0,2010-07-27,0.12,5.4461,1527.7,NC2,NC2,NC2,6.9738
4572,IA_CHEM,0,2010-09-11,0.5,0,3471.5,NC2,LE2,NC2,3.4715
4572,IA_CHEM,0,2011-06-06,1.01,0,394,NC2,LE2,NC2,0.394
4572,IA_CHEM,0,2011-07-25,0.82,0,1776.5,NC2,LE2,NC2,1.7765
4594,IA_CHEM,0,2010-05-17,0.85,0.05,340,NC2,LE2,NC2,0.39
4594,IA_CHEM,0,2010-07-06,1.94,0.0518,0,NC2,LE2,LE2,0.0518
4594,IA_CHEM,0,2010-08-16,1.59,0.09440000000000001,7615.7,NC2,LE2,NC2,7.7101
4594,IA_CHEM,0,2011-05-16,1.79,0.6377999999999999,1055.2,NC2,NC2,NC2,1.693
4594,IA_CHEM,0,2011-06-27,1.93,0.1186,2109.3,NC2,NC2,NC2,2.2279
4606,IA_CHEM,0,2010-06-16,1,0,0,NC2,LE2,LE2,0
4606,IA_CHEM,0,2010-08-03,1.12,0,1458.5,NC2,LE2,NC2,1.4585
4606,IA_CHEM,0,2010-09-16,1.19,0.041299999999999996,2195,NC2,LE2,NC2,2.2363000000000004
4606,IA_CHEM,0,2011-06-15,0.7,0.1456,615.7,NC2,NC2,NC2,0.7613000000000001
4606,IA_CHEM,0,2011-08-02,1.24,0,711,NC2,LE2,NC2,0.711
4607,IA_CHEM,0,2010-06-07,1.59,0.08,2010,NC2,LE2,NC2,2.09
4607,IA_CHEM,0,2010-07-26,0.81,0.3417,217.1,NC2,NC2,NC2,0.5588
4607,IA_CHEM,0,2010-09-09,1.65,0.0026,1473.6,NC2,LE2,NC2,1.4761999999999997
4607,IA_CHEM,0,2011-06-06,1.73,0.5048,564.7,NC2,NC2,NC2,1.0695
4607,IA_CHEM,0,2011-07-25,1.39,0.0343,2203.1,NC2,LE2,NC2,2.2374
4616,WI_LDF,1,2010-09-01,0.5,0.01,500,NC4,LE1,NC2,0.51
4616,WI_LDF,1,2012-02-27,0.3,0.01,300,NC4,LE1,NC2,0.31
4621,IA_CHEM,0,2010-06-01,1.48,0,0,NC2,LE2,LE2,0
4621,IA_CHEM,0,2010-07-19,0.89,0,342.1,NC2,LE2,NC2,0.3421
4621,IA_CHEM,0,2010-09-01,1.6,0.027100000000000003,1561.7,NC2,LE2,NC2,1.5888
4621,IA_CHEM,0,2011-05-31,1.74,0.1576,1005.9,NC2,NC2,NC2,1.1635
4621,IA_CHEM,0,2011-07-18,1.29,0.0367,0,NC2,LE2,LE2,0.0367
4624,IA_CHEM,0,2010-05-26,1.01,0.01,0,NC2,LE2,LE2,0.01
4624,IA_CHEM,0,2010-07-13,1.05,0,1575.3,NC2,LE2,NC2,1.5753
4624,IA_CHEM,0,2010-08-25,1.24,0,890.1,NC2,LE2,NC2,0.8901
4624,IA_CHEM,0,2011-05-25,0.82,0.013699999999999999,245.1,NC2,LE2,NC2,0.25880000000000003
4624,IA_CHEM,0,2011-07-12,1.22,0,1420.5,NC2,LE2,NC2,1.4205
4631,IA_CHEM,0,2010-06-01,3.39,0,400,NC2,LE2,NC2,0.4
4631,IA_CHEM,0,2010-07-19,3.51,2.6633,3903.3,NC2,NC2,NC2,6.5666
4631,IA_CHEM,0,2010-09-01,2.29,0.4948,3139.1,NC2,NC2,NC2,3.6339
4631,IA_CHEM,0,2011-05-31,7.67,8.0746,1663.7,NC2,NC2,NC2,9.7383
4631,IA_CHEM,0,2011-07-18,3.93,1.4276,0,NC2,NC2,LE2,1.4276
4632,IA_CHEM,0,2010-05-25,0.8,0.39,2150,NC2,NC2,NC2,2.54
4632,IA_CHEM,0,2010-07-13,0.9,0,0,NC2,LE2,LE2,0
4632,IA_CHEM,0,2010-08-26,1.23,0,1508.4,NC2,LE2,NC2,1.5084000000000002
4632,IA_CHEM,0,2011-05-24,1.04,0.10590000000000001,318.3,NC2,NC2,NC2,0.4242
4632,IA_CHEM,0,2011-07-12,1.02,0.08979999999999999,301.7,NC2,NC2,NC2,0.3915
4635,WI_LDF,1,2010-09-01,0.7,0.01,700,NC4,LE1,NC2,0.71
4635,WI_LDF,1,2012-02-27,0.2,0.01,200,NC4,LE1,LE2,0.21
4637,IA_CHEM,0,2010-06-09,0.98,0.07,230,NC2,LE2,NC2,0.3
4637,IA_CHEM,0,2010-07-28,1.14,0.013099999999999999,2356.8,NC2,LE2,NC2,2.3699
4637,IA_CHEM,0,2010-09-09,1.58,0,1830.3,NC2,LE2,NC2,1.8303
4637,IA_CHEM,0,2011-06-08,1.11,0,897.1,NC2,LE2,NC2,0.8971
4637,IA_CHEM,0,2011-07-27,1.15,0,2175.6,NC2,LE2,NC2,2.1755999999999998
4648,IA_CHEM,0,2010-06-21,5.47,5.6873000000000005,3800,NC2,NC2,NC2,9.4873
4648,IA_CHEM,0,2010-08-09,3.31,2.5197,1461.6,NC2,NC2,NC2,3.9812999999999996
4648,IA_CHEM,0,2010-09-25,2.34,0.8727,502.2,NC2,NC2,NC2,1.3749
4648,IA_CHEM,0,2011-06-20,6.48,6.8801000000000005,799.1,NC2,NC2,NC2,7.679200000000001
4648,IA_CHEM,0,2011-08-08,5.57,6.8914,465.5,NC2,NC2,NC2,7.3568999999999996
4649,IA_CHEM,0,2010-06-07,1.09,0,0,NC2,LE2,LE2,0
4649,IA_CHEM,0,2010-07-26,1.31,0,1999.6,NC2,LE2,NC2,1.9995999999999998
4649,IA_CHEM,0,2010-09-09,1.63,0,2592.2,NC2,LE2,NC2,2.5921999999999996
4649,IA_CHEM,0,2011-06-09,0.9,0,2308.3,NC2,LE2,NC2,2.3083
4649,IA_CHEM,0,2011-07-25,1.14,0,2056.2,NC2,LE2,NC2,2.0562
4652,IA_CHEM,0,2010-05-25,1.55,1,410,NC2,NC2,NC2,1.41
4652,IA_CHEM,0,2010-07-12,1.63,0.48119999999999996,2584.6,NC2,NC2,NC2,3.0658
4652,IA_CHEM,0,2010-08-23,1.31,1.0063,1567.2,NC2,NC2,NC2,2.5735
4652,IA_CHEM,0,2011-05-23,1.94,1.002,350.8,NC2,NC2,NC2,1.3528
4652,IA_CHEM,0,2011-07-11,2.17,1.2499,807,NC2,NC2,NC2,2.0569
4653,IA_CHEM,0,2010-05-24,2.57,1.18,850,NC2,NC2,NC2,2.03
4653,IA_CHEM,0,2010-07-12,1.06,0,2300,NC2,LE2,NC2,2.3
4653,IA_CHEM,0,2010-08-23,1.2,0,1918.7,NC2,LE2,NC2,1.9187
4653,IA_CHEM,0,2011-05-23,2.37,1.4207,1446.6,NC2,NC2,NC2,2.8673
4653,IA_CHEM,0,2011-07-11,1.94,0.8939,1035,NC2,NC2,NC2,1.9289
4667,IA_CHEM,0,2010-06-01,6.96,4.7,0,NC2,NC2,LE2,4.7
4667,IA_CHEM,0,2010-07-19,4.75,5.0484,417.5,NC2,NC2,NC2,5.4658999999999995
4667,IA_CHEM,0,2010-09-05,1.66,0.261,1252.7,NC2,NC2,NC2,1.5137
4667,IA_CHEM,0,2011-05-31,10,10.384,0,NC2,NC2,LE2,10.384
4667,IA_CHEM,0,2011-07-18,8.35,9.2311,0,NC2,NC2,LE2,9.2311
4686,IA_CHEM,0,2010-06-03,4.1,0.29,0,NC2,NC2,LE2,0.29
4686,IA_CHEM,0,2010-07-21,0.77,0,0,NC2,LE2,LE2,0
4686,IA_CHEM,0,2010-09-01,0.82,0,960.8,NC2,LE2,NC2,0.9608
4686,IA_CHEM,0,2011-05-31,0.78,0,3061.8,NC2,LE2,NC2,3.0618000000000003
4686,IA_CHEM,0,2011-06-01,0.66,0,1797.1,NC2,LE2,NC2,1.7971
4686,IA_CHEM,0,2011-07-18,1.06,0.1918,528.7,NC2,NC2,NC2,0.7205
4686,IA_CHEM,0,2011-07-19,0.53,0.4859,896,NC2,NC2,NC2,1.3819000000000001
4691,IA_CHEM,0,2010-06-21,2.54,2.9240999999999997,3910,NC2,NC2,NC2,6.8341
4691,IA_CHEM,0,2010-08-09,1.48,0.4032,4094,NC2,NC2,NC2,4.497199999999999
4691,IA_CHEM,0,2010-09-25,1.15,0.16169999999999998,602.9,NC2,NC2,NC2,0.7646
4691,IA_CHEM,0,2011-06-20,2.57,1.8071,1442.5,NC2,NC2,NC2,3.2496
4691,IA_CHEM,0,2011-08-08,1.15,0.0294,2181.9,NC2,LE2,NC2,2.2113
4701,IA_CHEM,0,2010-06-08,0.81,0.06,0,NC2,LE2,LE2,0.06
4701,IA_CHEM,0,2010-07-27,0.27,0,849.8,NC2,LE2,NC2,0.8498
4701,IA_CHEM,0,2010-09-11,1.04,0.019899999999999998,2508.8,NC2,LE2,NC2,2.5287
4701,IA_CHEM,0,2011-06-07,0.82,0.0291,249.3,NC2,LE2,NC2,0.27840000000000004
4701,IA_CHEM,0,2011-07-25,1.5,0.0104,2661.8,NC2,LE2,NC2,2.6722
4709,IA_CHEM,0,2010-06-07,0.69,0.21,0,NC2,NC2,LE2,0.21
4709,IA_CHEM,0,2010-07-26,0.45,0.0416,275.2,NC2,LE2,NC2,0.3168
4709,IA_CHEM,0,2010-09-10,1.17,0.2907,2220.1,NC2,NC2,NC2,2.5107999999999997
4709,IA_CHEM,0,2011-06-07,0.7,0,2576.5,NC2,LE2,NC2,2.5765
4709,IA_CHEM,0,2011-07-26,0.74,0,0,NC2,LE2,LE2,0
4717,IA_CHEM,0,2010-06-22,2.59,1.9858,2790,NC2,NC2,NC2,4.7758
4717,IA_CHEM,0,2010-08-10,1.33,0.0864,0,NC2,LE2,LE2,0.0864
4717,IA_CHEM,0,2010-09-22,1.05,0,0,NC2,LE2,LE2,0
4717,IA_CHEM,0,2011-06-21,2.53,3.0302,1177.1,NC2,NC2,NC2,4.207299999999999
4717,IA_CHEM,0,2011-08-09,1.28,0.0818,1563.3,NC2,NC2,NC2,1.6451
4771,IA_CHEM,0,2010-05-18,1.36,0.82,0,NC2,NC2,LE2,0.82
4771,IA_CHEM,0,2010-07-07,1.21,0.1367,1425.7,NC2,NC2,NC2,1.5624
4771,IA_CHEM,0,2010-08-17,0.81,0.10529999999999999,0,NC2,NC2,LE2,0.10529999999999999
4771,IA_CHEM,0,2011-05-17,0.89,0.29760000000000003,426.4,NC2,NC2,NC2,0.724
4771,IA_CHEM,0,2011-06-28,1.05,0,430.6,NC2,LE2,NC2,0.43060000000000004
4772,WI_LDF,1,2010-08-31,0.5,0.01,500,LE4,LE1,LE2,0.51
4774,IA_CHEM,0,2010-06-14,0.93,0.06,0,NC2,LE2,LE2,0.06
4774,IA_CHEM,0,2010-08-02,1.32,0.0074,1420.6,NC2,LE2,NC2,1.428
4774,IA_CHEM,0,2010-09-16,1.06,0.034,0,NC2,LE2,LE2,0.034
4774,IA_CHEM,0,2011-06-14,0.83,0.09079999999999999,1438.7,NC2,NC2,NC2,1.5295
4774,IA_CHEM,0,2011-08-01,0.78,0,383.6,NC2,LE2,NC2,0.3836
4797,IA_CHEM,0,2010-06-22,0.83,0,2050,NC2,LE2,NC2,2.05
4797,IA_CHEM,0,2010-08-10,1.35,0.084,469.8,NC2,LE2,NC2,0.5538
4797,IA_CHEM,0,2010-09-23,1.15,0.09209999999999999,1603.5,NC2,LE2,NC2,1.6956
4797,IA_CHEM,0,2011-06-21,1,0.0526,1340.3,NC2,LE2,NC2,1.3928999999999998
4797,IA_CHEM,0,2011-08-08,1.21,0,1395.5,NC2,LE2,NC2,1.3955
4798,IA_CHEM,0,2010-05-18,0.99,0.29,0,NC2,NC2,LE2,0.29
4798,IA_CHEM,0,2010-07-07,1.43,0.104,1780.7,NC2,NC2,NC2,1.8847
4798,IA_CHEM,0,2010-08-17,1.79,0,2346.5,NC2,LE2,NC2,2.3465
4798,IA_CHEM,0,2011-05-16,0.7,0.1143,3.9,NC2,NC2,LE2,0.1182
4798,IA_CHEM,0,2011-06-28,1.95,0.8084,914,NC2,NC2,NC2,1.7224000000000002
4799,IA_CHEM,0,2010-06-14,1.91,0.66,1200,NC2,NC2,NC2,1.86
4799,IA_CHEM,0,2010-08-02,1.82,0.0351,1864.9,NC2,LE2,NC2,1.9
4799,IA_CHEM,0,2010-09-15,1.84,0.165,766.4,NC2,NC2,NC2,0.9314
4799,IA_CHEM,0,2011-06-14,2.82,0.9823999999999999,1420.7,NC2,NC2,NC2,2.4031
4799,IA_CHEM,0,2011-08-01,1.65,0,2573.1,NC2,LE2,NC2,2.5730999999999997
4816,IA_CHEM,0,2010-05-17,8.02,4.64,50,NC2,NC2,LE2,4.69
4816,IA_CHEM,0,2010-07-06,4.32,3.6641,0,NC2,NC2,LE2,3.6641
4816,IA_CHEM,0,2010-08-16,2.96,2.0286,6773.8,NC2,NC2,NC2,8.8024
4816,IA_CHEM,0,2011-05-18,2.3,2.2678000000000003,0,NC2,NC2,LE2,2.2678000000000003
4816,IA_CHEM,0,2011-06-27,5.77,5.427899999999999,456.2,NC2,NC2,NC2,5.884099999999999
4819,IA_CHEM,0,2010-06-22,5.9,5.1068,6010,NC2,NC2,NC2,11.1168
4819,IA_CHEM,0,2010-08-10,4.51,4.2811,1658.3,NC2,NC2,NC2,5.939400000000001
4819,IA_CHEM,0,2010-09-22,3.51,1.1765999999999999,0,NC2,NC2,LE2,1.1765999999999999
4819,IA_CHEM,0,2011-06-21,8.71,10.3747,790.4,NC2,NC2,NC2,11.1651
4819,IA_CHEM,0,2011-08-09,3.96,3.7349,790.5,NC2,NC2,NC2,4.525399999999999
4821,IA_CHEM,0,2010-05-24,3.03,1.96,0,NC2,NC2,LE2,1.96
4821,IA_CHEM,0,2010-07-12,2.42,1.4761,1854.4,NC2,NC2,NC2,3.3305
4821,IA_CHEM,0,2010-08-23,1.22,0.1726,968.1,NC2,NC2,NC2,1.1407
4821,IA_CHEM,0,2011-05-23,3.4,2.3714,544.7,NC2,NC2,NC2,2.9161000000000006
4821,IA_CHEM,0,2011-07-11,3.61,3.1838,1987.6,NC2,NC2,NC2,5.171399999999999
4828,IA_CHEM,0,2010-06-23,0.49,0.0045,3200,NC2,LE2,NC2,3.2045
4828,IA_CHEM,0,2010-09-22,0.86,0.1041,0,NC2,NC2,LE2,0.1041
4828,IA_CHEM,0,2011-06-21,1.22,0,1585.5,NC2,LE2,NC2,1.5855
4828,IA_CHEM,0,2011-08-09,1.02,0,918.1,NC2,LE2,NC2,0.9181
4863,IA_CHEM,0,2010-06-15,1.67,0.13,3540,NC2,NC2,NC2,3.67
4863,IA_CHEM,0,2010-08-03,1.16,0,2007.4,NC2,LE2,NC2,2.0074
4863,IA_CHEM,0,2010-09-18,1.47,0,723.4,NC2,LE2,NC2,0.7233999999999999
4863,IA_CHEM,0,2011-06-15,0.68,0,0,NC2,LE2,LE2,0
4863,IA_CHEM,0,2011-08-02,0.78,0.0282,113.8,NC2,LE2,NC2,0.142
4867,IA_CHEM,0,2010-06-16,0.51,0,0,NC2,LE2,LE2,0
4867,IA_CHEM,0,2010-08-04,1.19,0.0775,6147.5,NC2,LE2,NC2,6.225
4867,IA_CHEM,0,2010-09-16,1.02,0.001,0,NC2,LE2,LE2,0.001
4867,IA_CHEM,0,2011-06-13,0.69,0,1918.5,NC2,LE2,NC2,1.9185
4867,IA_CHEM,0,2011-08-01,0.98,0,859.9,NC2,LE2,NC2,0.8599
4870,IA_CHEM,0,2010-06-02,3.13,1.18,0,NC2,NC2,LE2,1.18
4870,IA_CHEM,0,2010-07-20,2.19,1.3222,2342.5,NC2,NC2,NC2,3.6647
4870,IA_CHEM,0,2010-09-02,1.72,0.31039999999999995,0,NC2,NC2,LE2,0.31039999999999995
4870,IA_CHEM,0,2011-05-31,5.21,3.9378,985.3,NC2,NC2,NC2,4.923100000000001
4870,IA_CHEM,0,2011-07-18,3.44,2.9061,0,NC2,NC2,LE2,2.9061
4882,IA_CHEM,0,2010-06-02,1.71,0.09,0,NC2,LE2,LE2,0.09
4882,IA_CHEM,0,2010-07-20,2.18,0.1103,2106.1,NC2,NC2,NC2,2.2164
4882,IA_CHEM,0,2010-09-02,1.56,0,2391.7,NC2,LE2,NC2,2.3916999999999997
4882,IA_CHEM,0,2011-05-31,1.33,0,969.9,NC2,LE2,NC2,0.9699
4882,IA_CHEM,0,2011-07-18,1.43,0.1726,0,NC2,NC2,LE2,0.1726
4884,IA_CHEM,0,2010-05-19,1.62,2.03,0,NC2,NC2,LE2,2.03
4884,IA_CHEM,0,2010-07-06,1.02,0.0942,0,NC2,LE2,LE2,0.0942
4884,IA_CHEM,0,2010-08-18,0.95,0,1615,NC2,LE2,NC2,1.615
4884,IA_CHEM,0,2011-05-16,0.79,0.4218,971.9,NC2,NC2,NC2,1.3937
4884,IA_CHEM,0,2011-06-27,1.03,0.2798,247.5,NC2,NC2,NC2,0.5273
4886,IA_CHEM,0,2010-05-25,7.96,7.12,1960,NC2,NC2,NC2,9.08
4886,IA_CHEM,0,2010-07-13,1.42,0.4165,1275.6,NC2,NC2,NC2,1.6921
4886,IA_CHEM,0,2010-08-26,1.73,0.2575,2485.5,NC2,NC2,NC2,2.743
4886,IA_CHEM,0,2011-05-24,4.39,2.9661,1749.7,NC2,NC2,NC2,4.7158
4886,IA_CHEM,0,2011-07-12,2.25,1.8941,1525.3,NC2,NC2,NC2,3.4193999999999996
4890,IA_CHEM,0,2011-06-13,4.52,4.139600000000001,956.5,NC2,NC2,NC2,5.096100000000001
4890,IA_CHEM,0,2011-08-01,1.64,0.0012,0,NC2,LE2,LE2,0.0012
4899,IA_CHEM,0,2010-06-21,1.8,0.9813999999999999,5590,NC2,NC2,NC2,6.5714
4899,IA_CHEM,0,2010-08-09,1.65,0.0357,2165.8,NC2,LE2,NC2,2.2015
4899,IA_CHEM,0,2010-09-20,1.83,0.0765,0,NC2,LE2,LE2,0.0765
4899,IA_CHEM,0,2011-06-20,1.37,0.2318,1301.7,NC2,NC2,NC2,1.5335
4899,IA_CHEM,0,2011-08-08,1.56,0.0207,2455.5,NC2,LE2,NC2,2.4762
4933,IA_CHEM,0,2010-06-16,1.32,0,0,NC2,LE2,LE2,0
4933,IA_CHEM,0,2010-08-04,1.83,0.0757,8373.2,NC2,LE2,NC2,8.448900000000002
4933,IA_CHEM,0,2010-09-16,1.29,0.0078,0,NC2,LE2,LE2,0.0078
4933,IA_CHEM,0,2011-06-13,1.21,0,2878.5,NC2,LE2,NC2,2.8785
4933,IA_CHEM,0,2011-08-01,1.15,0,1849.8,NC2,LE2,NC2,1.8497999999999999
4935,IA_CHEM,0,2010-05-17,0.78,0.33,0,NC2,NC2,LE2,0.33
4935,IA_CHEM,0,2010-07-06,0.64,0.0371,0,NC2,LE2,LE2,0.0371
4935,IA_CHEM,0,2010-08-16,0.61,0.0257,1039.8,NC2,LE2,NC2,1.0655
4935,IA_CHEM,0,2011-05-17,0.61,0,593.3,NC2,LE2,NC2,0.5932999999999999
4935,IA_CHEM,0,2011-06-28,0.64,0,183.2,NC2,LE2,NC2,0.1832
4942,IA_CHEM,0,2010-06-14,3.76,2.24,0,NC2,NC2,LE2,2.24
4942,IA_CHEM,0,2010-08-02,1.92,0.0375,1328.9,NC2,LE2,NC2,1.3664
4942,IA_CHEM,0,2010-09-18,1.76,0,1425.1,NC2,LE2,NC2,1.4250999999999998
4942,IA_CHEM,0,2011-06-14,1.17,0.0943,451.1,NC2,NC2,NC2,0.5454
4942,IA_CHEM,0,2011-08-02,1.66,0.0963,0,NC2,NC2,LE2,0.0963
4944,IA_CHEM,0,2010-05-24,2.86,0.75,750,NC2,NC2,NC2,1.5
4944,IA_CHEM,0,2010-07-12,0.84,0,1382.3,NC2,LE2,NC2,1.3822999999999999
4944,IA_CHEM,0,2010-08-26,1.25,0.020399999999999998,1028,NC2,LE2,NC2,1.0484
4944,IA_CHEM,0,2011-05-23,1.51,0.7446,271.9,NC2,NC2,NC2,1.0165
4944,IA_CHEM,0,2011-07-11,1.81,1.2265,0,NC2,NC2,LE2,1.2265
4955,IA_CHEM,0,2010-05-17,9.53,13.61,0,NC2,NC2,LE2,13.61
4955,IA_CHEM,0,2010-07-06,6.33,4.8418,967.1,NC2,NC2,NC2,5.8089
4955,IA_CHEM,0,2010-08-16,2.81,1.6284,966.4,NC2,NC2,NC2,2.5948
4955,IA_CHEM,0,2011-05-16,7.04,7.496899999999999,506.6,NC2,NC2,NC2,8.0035
4955,IA_CHEM,0,2011-06-28,8.84,5.871899999999999,1158.2,NC2,NC2,NC2,7.030099999999999
4962,IA_CHEM,0,2010-05-24,1.14,0.1,0,NC2,LE2,LE2,0.1
4962,IA_CHEM,0,2010-07-12,1.04,0,2210.7,NC2,LE2,NC2,2.2106999999999997
4962,IA_CHEM,0,2010-08-26,1.08,0,245.9,NC2,LE2,NC2,0.2459
4962,IA_CHEM,0,2011-05-23,0.79,0,914.8,NC2,LE2,NC2,0.9148
4962,IA_CHEM,0,2011-07-11,1.2,0.015300000000000001,759.1,NC2,LE2,NC2,0.7744
4967,IA_CHEM,0,2010-06-15,4.94,3.56,110,NC2,NC2,NC2,3.67
4967,IA_CHEM,0,2010-08-03,2.48,1.8177,1636.4,NC2,NC2,NC2,3.4541000000000004
4967,IA_CHEM,0,2010-09-18,1.99,0.45389999999999997,353.6,NC2,NC2,NC2,0.8075
4967,IA_CHEM,0,2011-06-15,2.55,1.1302999999999999,0,NC2,NC2,LE2,1.1302999999999999
4967,IA_CHEM,0,2011-08-02,1.78,0,1390.5,NC2,LE2,NC2,1.3905
4982,WI_LDF,1,2010-08-31,0.6,0.01,600,NC4,LE1,NC2,0.61
4985,IA_CHEM,0,2010-06-23,5.52,4.5695,410,NC2,NC2,NC2,4.9795
4985,IA_CHEM,0,2010-09-23,2.91,1.3913,2467.1,NC2,NC2,NC2,3.8583999999999996
4985,IA_CHEM,0,2011-06-22,6.4,5.7839,1619,NC2,NC2,NC2,7.4029
4985,IA_CHEM,0,2011-08-10,2.1,0.0502,1547.8,NC2,LE2,NC2,1.598
5027,IA_CHEM,0,2010-06-01,2.44,0.02,2480,NC2,LE2,NC2,2.5
5027,IA_CHEM,0,2010-07-19,2.53,0,3283,NC2,LE2,NC2,3.283
5027,IA_CHEM,0,2010-09-05,3.05,0.25739999999999996,1375.1,NC2,NC2,NC2,1.6325
5027,IA_CHEM,0,2011-05-31,2.48,0,847.9,NC2,LE2,NC2,0.8479
5027,IA_CHEM,0,2011-07-18,2.58,0.21309999999999998,1495.9,NC2,NC2,NC2,1.709
5032,IA_CHEM,0,2010-05-17,6.43,9.82,0,NC2,NC2,LE2,9.82
5032,IA_CHEM,0,2010-07-06,7.1,5.494800000000001,0,NC2,NC2,LE2,5.494800000000001
5032,IA_CHEM,0,2010-08-16,5.16,2.6924,2609.6,NC2,NC2,NC2,5.302
5032,IA_CHEM,0,2011-05-16,8.63,8.741299999999999,976.4,NC2,NC2,NC2,9.717699999999999
5032,IA_CHEM,0,2011-06-27,9.73,9.603,183,NC2,NC2,NC2,9.786
5040,IA_CHEM,0,2010-06-01,0.75,0.08,1210,NC2,LE2,NC2,1.29
5040,IA_CHEM,0,2010-07-19,0.25,0,2465.4,NC2,LE2,NC2,2.4654000000000003
5040,IA_CHEM,0,2010-09-01,1.37,0,3596.8,NC2,LE2,NC2,3.5968
5040,IA_CHEM,0,2011-05-31,0.9,0,2474.9,NC2,LE2,NC2,2.4749
5040,IA_CHEM,0,2011-07-18,1.22,0.1977,0,NC2,NC2,LE2,0.1977
5043,WI_LDF,1,2010-08-31,0.7,0.05,700,NC4,LE1,NC2,0.75
5102,IA_CHEM,0,2010-06-14,2.8,1.47,1810,NC2,NC2,NC2,3.28
5102,IA_CHEM,0,2010-08-02,1.43,0.0255,1156.1,NC2,LE2,NC2,1.1816
5102,IA_CHEM,0,2010-09-16,1.2,0,0,NC2,LE2,LE2,0
5102,IA_CHEM,0,2011-06-13,1.6,0.32480000000000003,2288.3,NC2,NC2,NC2,2.6131
5102,IA_CHEM,0,2011-08-01,0.91,0,154.3,NC2,LE2,NC2,0.15430000000000002
5118,IA_CHEM,0,2010-06-23,1.03,0,1390,NC2,LE2,NC2,1.39
5118,IA_CHEM,0,2010-08-10,2.12,0.0907,379.8,NC2,LE2,NC2,0.4705
5118,IA_CHEM,0,2010-09-22,2.16,0,599,NC2,LE2,NC2,0.599
5118,IA_CHEM,0,2011-06-21,1.69,0,1900.8,NC2,LE2,NC2,1.9008
5118,IA_CHEM,0,2011-08-09,2.83,0,3062.4,NC2,LE2,NC2,3.0624000000000002
5143,IA_CHEM,0,2010-06-01,4.26,0,0,NC2,LE2,LE2,0
5143,IA_CHEM,0,2010-07-19,3.07,1.4662,2834.8,NC2,NC2,NC2,4.301
5143,IA_CHEM,0,2010-09-02,2.23,0.2851,560.6,NC2,NC2,NC2,0.8457
5143,IA_CHEM,0,2011-05-31,4.15,4.500100000000001,0,NC2,NC2,LE2,4.500100000000001
5143,IA_CHEM,0,2011-07-18,2.6,0.7743,0,NC2,NC2,LE2,0.7743
5155,IA_CHEM,0,2010-06-02,3.05,1.43,0,NC2,NC2,LE2,1.43
5155,IA_CHEM,0,2010-07-20,2.24,1.7198,1355.8,NC2,NC2,NC2,3.0756
5155,IA_CHEM,0,2010-09-02,1.34,0.5942000000000001,1486.3,NC2,NC2,NC2,2.0805
5155,IA_CHEM,0,2011-06-02,4.45,3.9657,2295.7,NC2,NC2,NC2,6.2614
5155,IA_CHEM,0,2011-07-19,4.35,5.6268,1254.6,NC2,NC2,NC2,6.881399999999999
5162,IA_CHEM,0,2010-06-21,4.18,3.5730999999999997,1760,NC2,NC2,NC2,5.3331
5162,IA_CHEM,0,2010-08-09,1.74,0.9233,398.4,NC2,NC2,NC2,1.3216999999999999
5162,IA_CHEM,0,2010-09-20,2.37,1.0095,0,NC2,NC2,LE2,1.0095
5162,IA_CHEM,0,2011-06-20,4.07,3.5721999999999996,401,NC2,NC2,NC2,3.9732
5162,IA_CHEM,0,2011-08-08,1.39,7.7909,2212.7,NC2,NC2,NC2,10.003599999999999
5167,IA_CHEM,0,2010-06-15,3.93,2.37,1480,NC2,NC2,NC2,3.85
5167,IA_CHEM,0,2010-08-03,2,0.2706,4038.2,NC2,NC2,NC2,4.3088
5167,IA_CHEM,0,2010-09-18,2.12,0.1713,2331.6,NC2,NC2,NC2,2.5029
5167,IA_CHEM,0,2011-06-15,2.25,1.4489,515,NC2,NC2,NC2,1.9639000000000002
5168,IA_CHEM,0,2010-05-18,0.62,0.98,0,NC2,NC2,LE2,0.98
5168,IA_CHEM,0,2010-07-07,1.09,0,1860.8,NC2,LE2,NC2,1.8608
5168,IA_CHEM,0,2010-08-17,0.47,0.0165,381.8,NC2,LE2,NC2,0.3983
5168,IA_CHEM,0,2011-05-17,0.48,0.0928,121.8,NC2,NC2,NC2,0.21459999999999999
5168,IA_CHEM,0,2011-06-29,0.77,0.0832,896.8,NC2,NC2,NC2,0.98
5171,IA_CHEM,0,2010-05-25,1.78,1.41,0,NC2,NC2,LE2,1.41
5171,IA_CHEM,0,2010-07-13,1.72,0.9468,72.8,NC2,NC2,LE2,1.0195999999999998
5171,IA_CHEM,0,2010-08-26,1.14,0.3329,0,NC2,NC2,LE2,0.3329
5171,IA_CHEM,0,2011-05-24,1.83,1.5786,0,NC2,NC2,LE2,1.5786
5171,IA_CHEM,0,2011-07-11,2.51,1.4778,825.1,NC2,NC2,NC2,2.3029
5171,IA_RATHBUN,0.1,1998-08-31,0.92,0.03,800,NC4,NC2,NC2,0.83
5171,IA_RATHBUN,0.1,2000-06-13,0.91,0.03,900,NC4,NC2,NC2,0.93
5171,IA_RATHBUN,0.1,2000-09-12,0.51,0.03,500,NC4,NC2,NC2,0.53
5171,IA_RATHBUN,7,2000-09-12,0.51,0.05,500,NC4,NC2,NC2,0.55
5171,IA_RATHBUN,0.1,2002-07-24,0.44,0.37,380,NC4,NC2,NC2,0.75
5171,IA_RATHBUN,8,2002-08-13,0.3,0.3,100,NC4,NC2,NC2,0.4
5171,IA_RATHBUN,0.1,2005-07-25,1.21,0.2,1200,NC4,NC2,NC2,1.4
5171,IA_RATHBUN,0.1,2005-08-22,0.73,0.03,720,NC4,NC2,NC2,0.75
5171,IA_RATHBUN,0.1,2005-09-19,1,0.03,990,NC4,NC2,NC2,1.02
5171,IA_RATHBUN,0.1,2006-05-16,0.69,1.8,640,NC4,NC2,NC2,2.44
5171,IA_RATHBUN,0.1,2006-08-14,0.77,0.03,760,NC4,NC2,NC2,0.79
5171,IA_RATHBUN,0.1,2010-09-21,0.43,0.43,520,NC4,NC2,NC2,0.95
5175,IA_CHEM,0,2010-06-21,1.74,1.4475,11630,NC2,NC2,NC2,13.0775
5175,IA_CHEM,0,2010-08-09,1.29,0.037,2669.2,NC2,LE2,NC2,2.7062
5175,IA_CHEM,0,2010-09-20,1.17,0.0425,0,NC2,LE2,LE2,0.0425
5175,IA_CHEM,0,2011-06-20,1.74,1.4081,523.3,NC2,NC2,NC2,1.9313999999999998
5175,IA_CHEM,0,2011-08-10,1.81,0.0033,1061.2,NC2,LE2,NC2,1.0645
5183,IA_CHEM,0,2010-06-09,0.64,0.13,1840,NC2,NC2,NC2,1.97
5183,IA_CHEM,0,2010-07-28,2.35,0.0792,3494.7,NC2,LE2,NC2,3.5738999999999996
5183,IA_CHEM,0,2010-09-09,2.99,0,2934.3,NC2,LE2,NC2,2.9343000000000004
5183,IA_CHEM,0,2011-06-08,1.79,0.645,1720.6,NC2,NC2,NC2,2.3655999999999997
5183,IA_CHEM,0,2011-07-27,1.78,0,3655.8,NC2,LE2,NC2,3.6558
5233,IA_CHEM,0,2010-06-23,0.4,0,0,NC2,LE2,LE2,0
5233,IA_CHEM,0,2010-09-20,1.69,0.039799999999999995,0,NC2,LE2,LE2,0.039799999999999995
5233,IA_CHEM,0,2011-06-22,0.8,0,11.7,NC2,LE2,LE2,0.011699999999999999
5233,IA_CHEM,0,2011-08-09,1.38,0.12290000000000001,1164.6,NC2,NC2,NC2,1.2875
5241,IA_CHEM,0,2010-05-17,2.35,0.55,2080,NC2,NC2,NC2,2.63
5241,IA_CHEM,0,2010-07-06,1.87,0,0,NC2,LE2,LE2,0
5241,IA_CHEM,0,2010-08-16,2.56,0,9493.3,NC2,LE2,NC2,9.4933
5241,IA_CHEM,0,2011-05-16,2.43,0.1269,1015.3,NC2,NC2,NC2,1.1422
5241,IA_CHEM,0,2011-06-28,1.49,0.0352,4136.8,NC2,LE2,NC2,4.172
5246,IA_CHEM,0,2010-06-14,1.8,0.2,0,NC2,NC2,LE2,0.2
5246,IA_CHEM,0,2010-08-02,1.73,0.0096,2036.5,NC2,LE2,NC2,2.0461
5246,IA_CHEM,0,2010-09-15,2.14,0.046299999999999994,827.7,NC2,LE2,NC2,0.874
5246,IA_CHEM,0,2011-06-14,1.94,0.21180000000000002,2003,NC2,NC2,NC2,2.2148000000000003
5246,IA_CHEM,0,2011-08-01,1.49,0,1703.8,NC2,LE2,NC2,1.7038
5252,IA_CHEM,0,2010-05-25,0.55,0.04,0,NC2,LE2,LE2,0.04
5252,IA_CHEM,0,2010-07-12,0.72,0,4147.6,NC2,LE2,NC2,4.147600000000001
5252,IA_CHEM,0,2010-08-23,0.52,0,1901.8,NC2,LE2,NC2,1.9018
5252,IA_CHEM,0,2011-05-23,0.65,0,647.6,NC2,LE2,NC2,0.6476000000000001
5252,IA_CHEM,0,2011-07-11,0.59,0.013800000000000002,0,NC2,LE2,LE2,0.013800000000000002
5256,IA_CHEM,0,2010-06-02,2.84,0.77,0,NC2,NC2,LE2,0.77
5256,IA_CHEM,0,2010-07-20,1.23,0.032100000000000004,1441.8,NC2,LE2,NC2,1.4738999999999998
5256,IA_CHEM,0,2010-09-02,1.16,0.2536,817,NC2,NC2,NC2,1.0706
5256,IA_CHEM,0,2011-06-02,2.84,2.8070999999999997,1266.7,NC2,NC2,NC2,4.0738
5256,IA_CHEM,0,2011-07-19,1.21,0.72,43.8,NC2,NC2,LE2,0.7637999999999999
5274,IA_CHEM,0,2010-05-26,4.01,3.28,340,NC2,NC2,NC2,3.62
5274,IA_CHEM,0,2010-07-14,2.5,1.666,0,NC2,NC2,LE2,1.666
5274,IA_CHEM,0,2010-08-25,0.99,0,569.9,NC2,LE2,NC2,0.5699
5274,IA_CHEM,0,2011-05-25,3.84,4.4864,87.8,NC2,NC2,LE2,4.574199999999999
5274,IA_CHEM,0,2011-07-12,2.73,1.9178,1322.2,NC2,NC2,NC2,3.24
5290,IA_CHEM,0,2010-05-18,1.12,0.63,1080,NC2,NC2,NC2,1.71
5290,IA_CHEM,0,2010-07-07,1.31,0,3326.7,NC2,LE2,NC2,3.3266999999999998
5290,IA_CHEM,0,2010-08-17,0.65,0,2226.9,NC2,LE2,NC2,2.2269
5290,IA_CHEM,0,2011-05-17,0.98,0.49660000000000004,386.9,NC2,NC2,NC2,0.8835
5290,IA_CHEM,0,2011-06-28,0.91,0,1052.3,NC2,LE2,NC2,1.0523
5311,WI_LDF,1,2010-09-01,0.3,0.01,300,NC4,LE1,NC2,0.31
5311,WI_LDF,1,2011-08-29,0.3,0.01,300,NC4,LE1,NC2,0.31
5311,WI_LDF,1,2012-02-27,0.2,0.01,200,NC4,LE1,LE2,0.21
5314,IA_CHEM,0,2010-05-26,0.74,0.01,160,NC2,LE2,NC2,0.17
5314,IA_CHEM,0,2010-07-13,0.54,0,0,NC2,LE2,LE2,0
5314,IA_CHEM,0,2010-08-25,0.36,0,0,NC2,LE2,LE2,0
5314,IA_CHEM,0,2011-05-24,0.67,0.15869999999999998,1174.6,NC2,NC2,NC2,1.3333
5314,IA_CHEM,0,2011-07-12,0.71,0,657.8,NC2,LE2,NC2,0.6577999999999999
5329,IA_CHEM,0,2010-06-01,4.08,4.22,1680,NC2,NC2,NC2,5.9
5329,IA_CHEM,0,2010-07-19,2.75,1.7837,1675.7,NC2,NC2,NC2,3.4594
5329,IA_CHEM,0,2010-09-05,2.12,0.24330000000000002,910.2,NC2,NC2,NC2,1.1535
5329,IA_CHEM,0,2011-05-31,4.58,4.0202,3855.5,NC2,NC2,NC2,7.8757
5329,IA_CHEM,0,2011-07-18,3.78,2.9911999999999996,0,NC2,NC2,LE2,2.9911999999999996
5336,IA_CHEM,0,2010-06-16,5.06,3.34,910,NC2,NC2,NC2,4.25
5336,IA_CHEM,0,2010-08-04,2.66,0.0572,5187.6,NC2,LE2,NC2,5.244800000000001
5336,IA_CHEM,0,2010-09-15,1.09,0.032,0,NC2,LE2,LE2,0.032
5336,IA_CHEM,0,2011-06-15,6.95,3.1625,634.2,NC2,NC2,NC2,3.7967
5336,IA_CHEM,0,2011-08-03,1.68,0.0107,1507.7,NC2,LE2,NC2,1.5184000000000002
5371,WI_LTER,0,2007-01-03,1.112,0.259,900,NC2,NC4,NC4,1.159
5371,WI_LTER,8,2007-01-03,1.117,0.252,860,NC1,NC4,NC4,1.112
5371,WI_LTER,20,2007-01-03,1.115,0.252,840,NC2,NC4,NC4,1.092
5371,WI_LTER,0,2007-02-19,1.305,0.302,750,NC2,NC3,NC4,1.052
5371,WI_LTER,8,2007-02-19,1.279,0.301,820,NC2,NC4,NC4,1.121
5371,WI_LTER,20,2007-02-19,2.134,0.597,1100,NC2,NC4,NC4,1.697
5371,WI_LTER,0,2007-04-16,1.231,0.495,760,NC2,NC4,NC4,1.255
5371,WI_LTER,4,2007-04-16,1.329,0.493,790,NC2,NC4,NC4,1.283
5371,WI_LTER,8,2007-04-16,1.325,0.495,840,NC2,NC4,NC4,1.335
5371,WI_LTER,12,2007-04-16,1.356,0.494,810,NC1,NC4,NC4,1.304
5371,WI_LTER,16,2007-04-16,1.342,0.494,780,NC2,NC4,NC4,1.274
5371,WI_LTER,20,2007-04-16,1.356,0.492,770,NC2,NC4,NC4,1.262
5371,WI_LTER,0,2007-08-06,0.619,0,880,NC2,LE3,NC3,0.88
5371,WI_LTER,4,2007-08-06,0.613,0,780,NC2,LE3,NC3,0.78
5371,WI_LTER,8,2007-08-06,0.578,0,690,NC2,LE3,NC3,0.69
5371,WI_LTER,12,2007-08-06,1.21,0,1590,NC1,LE3,NC4,1.59
5371,WI_LTER,16,2007-08-06,1.597,0,1930,NC2,LE3,NC4,1.93
5371,WI_LTER,20,2007-08-06,3.327,0,3040,NC1,LE3,NC4,3.04
5371,WI_LTER,22,2007-08-06,2.958,0,3620,NC2,LE3,NC4,3.62
5371,WI_LTER,0,2007-10-29,1.242,0.058,980,NC2,NC3,NC4,1.038
5371,WI_LTER,4,2007-10-29,1.075,0.057,990,NC2,NC4,NC4,1.047
5371,WI_LTER,20,2007-10-29,0.985,0.058,1090,NC2,NC3,NC4,1.148
5371,WI_LTER,0,2009-01-21,1.497,0.576,1350,NC2,NC4,NC4,1.926
5371,WI_LTER,8,2009-01-21,1.371,0.595,1120,NC2,NC4,NC4,1.715
5371,WI_LTER,20,2009-01-21,1.065,0,320,NC1,LE3,NC3,0.32
5371,WI_LTER,0,2009-04-15,2.222,1.74,640,NC1,NC4,NC4,2.38
5371,WI_LTER,8,2009-04-15,2.276,1.48,820,NC2,NC4,NC4,2.3
5371,WI_LTER,20,2009-04-15,2.012,0.49,630,NC2,NC4,NC4,1.12
5371,WI_LTER,0,2009-08-05,1.473,0,1310,NC2,LE3,NC4,1.31
5371,WI_LTER,4,2009-08-05,1.425,0.038,1460,NC1,NC3,NC4,1.498
5371,WI_LTER,8,2009-08-05,1.11,0.246,730,NC2,NC4,NC4,0.976
5371,WI_LTER,12,2009-08-05,1.902,0.909,890,NC2,NC4,NC4,1.799
5371,WI_LTER,16,2009-08-05,2.071,0.731,1240,NC2,NC4,NC4,1.971
5371,WI_LTER,20,2009-08-05,2.146,0.407,1640,NC2,NC4,NC4,2.047
5371,WI_LTER,22,2009-08-05,2.125,0.281,1760,NC2,NC4,NC4,2.041
5371,WI_LTER,0,2009-10-28,1.335,0.09,1110,NC2,NC4,NC4,1.2
5371,WI_LTER,4,2009-10-28,1.326,0.092,1160,NC2,NC4,NC4,1.252
5371,WI_LTER,20,2009-10-28,1.486,0.091,1450,NC2,NC4,NC4,1.541
5371,WI_LTER,0,2010-02-01,1.585,0.668,910,NC2,NC4,NC4,1.578
5371,WI_LTER,8,2010-02-01,1.43,0.671,840,NC2,NC4,NC4,1.511
5371,WI_LTER,20,2010-02-01,2.556,1.72,1100,NC1,NC4,NC4,2.82
5371,WI_LTER,0,2010-04-13,3.168,0.819,950,NC2,NC4,NC4,1.769
5371,WI_LTER,8,2010-04-13,1.413,0.823,700,NC1,NC4,NC3,1.523
5371,WI_LTER,20,2010-04-13,3.074,0.845,750,NC2,NC4,NC4,1.595
5371,WI_LTER,0,2010-08-03,0.438,0,820,NC2,LE3,NC4,0.82
5371,WI_LTER,4,2010-08-03,0.33,0,860,NC2,LE3,NC4,0.86
5371,WI_LTER,8,2010-08-03,0.446,0,1060,NC1,LE3,NC4,1.06
5371,WI_LTER,12,2010-08-03,1.014,0,1470,NC2,LE3,NC4,1.47
5371,WI_LTER,16,2010-08-03,1.821,0,1940,NC2,LE3,NC4,1.94
5371,WI_LTER,20,2010-08-03,1.635,0,2570,NC2,LE3,NC4,2.57
5371,WI_LTER,22,2010-08-03,2.983,0,3000,NC1,LE3,NC4,3
5371,WI_LTER,0,2010-11-09,1.377,0.124,1090,NC2,NC4,NC4,1.214
5371,WI_LTER,4,2010-11-09,1.327,0.122,1030,NC1,NC4,NC4,1.152
5371,WI_LTER,20,2010-11-09,1.47,0.137,1070,NC2,NC4,NC4,1.207
5374,IA_CHEM,0,2010-06-21,2.73,2.893,3020,NC2,NC2,NC2,5.913
5374,IA_CHEM,0,2010-08-09,2.06,0.32080000000000003,1944,NC2,NC2,NC2,2.2648
5374,IA_CHEM,0,2010-09-23,2.14,0.1216,1791.5,NC2,NC2,NC2,1.9130999999999998
5374,IA_CHEM,0,2011-06-20,2.85,2.204,190.9,NC2,NC2,NC2,2.3949000000000003
5374,IA_CHEM,0,2011-08-08,2.12,0.0891,12917.3,NC2,NC2,NC2,13.0064
5383,IA_CHEM,0,2010-06-21,2.19,2.3716,2760,NC2,NC2,NC2,5.131600000000001
5383,IA_CHEM,0,2010-08-09,1.55,0.5709,1023.5,NC2,NC2,NC2,1.5944
5383,IA_CHEM,0,2010-09-20,1.56,0.19190000000000002,419.5,NC2,NC2,NC2,0.6113999999999999
5383,IA_CHEM,0,2011-06-20,2.47,1.6129,2065.9,NC2,NC2,NC2,3.6788000000000003
5383,IA_CHEM,0,2011-08-08,1.38,0,2095.1,NC2,LE2,NC2,2.0951
5389,WI_LDF,1,2010-08-31,0.6,0.01,600,NC4,LE1,NC2,0.61
5396,IA_CHEM,0,2010-06-14,1.13,0,0,NC2,LE2,LE2,0
5396,IA_CHEM,0,2010-08-02,1.51,0.023,1471.1,NC2,LE2,NC2,1.4941
5396,IA_CHEM,0,2010-09-15,1.54,0,295.5,NC2,LE2,NC2,0.2955
5396,IA_CHEM,0,2011-06-13,1.26,0.3438,2201,NC2,NC2,NC2,2.5448000000000004
5396,IA_CHEM,0,2011-08-01,0.98,0,1186.8,NC2,LE2,NC2,1.1867999999999999
5414,IA_CHEM,0,2010-06-08,3.26,0.47,1580,NC2,NC2,NC2,2.05
5414,IA_CHEM,0,2010-07-28,2.66,2.2229,2279,NC2,NC2,NC2,4.5019
5414,IA_CHEM,0,2010-09-07,1.56,0.1789,2793.4,NC2,NC2,NC2,2.9723
5414,IA_CHEM,0,2011-06-07,4.37,2.5187,0,NC2,NC2,LE2,2.5187
5414,IA_CHEM,0,2011-07-26,2.35,0.6762,1581.1,NC2,NC2,NC2,2.2573000000000003
5421,IA_CHEM,0,2010-05-17,1.71,0.07,0,NC2,LE2,LE2,0.07
5421,IA_CHEM,0,2010-07-06,1.88,0,158.8,NC2,LE2,NC2,0.15880000000000002
5421,IA_CHEM,0,2010-08-16,0.93,0.43060000000000004,6523.9,NC2,NC2,NC2,6.9545
5421,IA_CHEM,0,2011-05-16,1.19,0.7788999999999999,367.3,NC2,NC2,NC2,1.1462
5421,IA_CHEM,0,2011-06-27,1.59,1.1824000000000001,86.9,NC2,NC2,LE2,1.2693
5458,IA_CHEM,0,2010-05-25,0.55,0.01,0,NC2,LE2,LE2,0.01
5458,IA_CHEM,0,2010-07-12,0.87,0,1622.4,NC2,LE2,NC2,1.6224
5458,IA_CHEM,0,2010-08-23,0.56,0,711.5,NC2,LE2,NC2,0.7115
5458,IA_CHEM,0,2011-05-23,0.55,0,765.3,NC2,LE2,NC2,0.7653
5458,IA_CHEM,0,2011-07-11,0.63,0,521.9,NC2,LE2,NC2,0.5219
5496,IA_CHEM,0,2010-06-16,1.34,0.37,0,NC2,NC2,LE2,0.37
5496,IA_CHEM,0,2010-08-04,1.35,0.0746,1947.7,NC2,LE2,NC2,2.0223
5496,IA_CHEM,0,2010-09-16,1.28,0.24309999999999998,551.7,NC2,NC2,NC2,0.7948000000000001
5496,IA_CHEM,0,2011-06-13,0.89,0,1481.2,NC2,LE2,NC2,1.4812
5496,IA_CHEM,0,2011-08-01,1.25,0,1523.3,NC2,LE2,NC2,1.5232999999999999
5500,IA_CHEM,0,2010-06-14,1.33,0.12,0,NC2,NC2,LE2,0.12
5500,IA_CHEM,0,2010-08-02,1.96,0.001,1843.7,NC2,LE2,NC2,1.8447
5500,IA_CHEM,0,2010-09-15,1.84,0.12190000000000001,468.5,NC2,NC2,NC2,0.5903999999999999
5500,IA_CHEM,0,2011-06-14,1.69,0.10890000000000001,2094.2,NC2,NC2,NC2,2.2031
5500,IA_CHEM,0,2011-08-01,1.29,0,1384.7,NC2,LE2,NC2,1.3847
5541,IA_CHEM,0,2010-05-24,2.63,1.08,0,NC2,NC2,LE2,1.08
5541,IA_CHEM,0,2010-07-12,1.23,0.1454,1705.5,NC2,NC2,NC2,1.8509
5541,IA_CHEM,0,2010-08-23,0.99,0,2113.3,NC2,LE2,NC2,2.1133
5541,IA_CHEM,0,2011-05-23,1.45,0.632,1484.3,NC2,NC2,NC2,2.1163000000000003
5541,IA_CHEM,0,2011-07-11,1.26,0.1207,1415.7,NC2,NC2,NC2,1.5364
5550,IA_CHEM,0,2010-06-15,1.5,0.05,6800,NC2,LE2,NC2,6.85
5550,IA_CHEM,0,2010-08-03,1.67,0.0757,2196.1,NC2,LE2,NC2,2.2718
5550,IA_CHEM,0,2010-09-18,1.91,0,1642.1,NC2,LE2,NC2,1.6421
5550,IA_CHEM,0,2011-06-14,1.48,0.0287,112.8,NC2,LE2,NC2,0.1415
5550,IA_CHEM,0,2011-08-02,1.56,0,1027,NC2,LE2,NC2,1.027
5575,IA_CHEM,0,2010-06-23,1.12,0.5253,2060,NC2,NC2,NC2,2.5853
5575,IA_CHEM,0,2010-08-10,1.54,0.0625,2489.8,NC2,LE2,NC2,2.5523000000000002
5575,IA_CHEM,0,2010-09-22,1.33,0.1044,0,NC2,NC2,LE2,0.1044
5575,IA_CHEM,0,2011-06-21,1.86,1.1055,1969.3,NC2,NC2,NC2,3.0748
5575,IA_CHEM,0,2011-08-09,1.25,0.0132,1421,NC2,LE2,NC2,1.4342000000000001
5581,IA_CHEM,0,2010-06-01,1.79,0,0,NC2,LE2,LE2,0
5581,IA_CHEM,0,2010-07-19,1.59,0,4749.4,NC2,LE2,NC2,4.7494
5581,IA_CHEM,0,2010-09-05,2.21,0.2104,2631.2,NC2,NC2,NC2,2.8416
5581,IA_CHEM,0,2011-05-31,5.34,3.7231,400.5,NC2,NC2,NC2,4.123600000000001
5581,IA_CHEM,0,2011-07-18,3.48,3.1483000000000003,0,NC2,NC2,LE2,3.1483000000000003
5583,IA_CHEM,0,2010-06-01,1.37,0,0,NC2,LE2,LE2,0
5583,IA_CHEM,0,2010-07-19,2.07,0,2656.4,NC2,LE2,NC2,2.6564
5583,IA_CHEM,0,2010-09-01,2.28,0.10490000000000001,2118,NC2,NC2,NC2,2.2229
5583,IA_CHEM,0,2011-06-01,1.8,0,4661,NC2,LE2,NC2,4.661
5583,IA_CHEM,0,2011-07-18,2.39,0.2147,0,NC2,NC2,LE2,0.2147
6421,CT_DEEP,0.05,2006-05-25,0.166,0.001,161,NC1,NC3,NC3,0.162
6421,CT_DEEP,0.05,2006-07-12,0.423,0.002,423,NC1,LE1,NC3,0.425
6421,CT_DEEP,4,2006-07-12,0.207,0.002,207,NC1,LE1,NC3,0.209
6421,CT_DEEP,6,2006-07-12,0.131,0.02,129,NC1,NC3,NC3,0.149
6432,NY_LCI_CHEM,6,2009-08-18,0.4,0.1,400,NC1,NC1,NC1,0.5
6500,CT_DEEP,0.1,2005-05-25,0.252,0.001,252,NC1,LE3,NC3,0.253
6500,CT_DEEP,1.5,2005-07-26,0.285,0.002,285,NC1,LE3,NC3,0.287
6500,CT_DEEP,0.05,2007-05-30,0.283,0.002,283,NC1,LE3,NC3,0.285
6513,CT_DEEP,0.1,2006-07-10,0.263,0.002,263,NC1,LE3,NC3,0.265
6513,CT_DEEP,2.5,2006-07-10,0.14,0.002,140,NC1,LE3,NC3,0.142
6513,CT_DEEP,4,2006-07-10,0.23,0.002,230,NC1,LE3,NC3,0.232
6551,CT_DEEP,4,2006-07-12,0.917,0.081,917,NC1,NC3,NC3,0.998
6582,CT_DEEP,0.05,2007-06-05,0.487,0.002,487,NC1,LE3,NC3,0.489
6582,CT_DEEP,3.5,2007-07-09,0.269,0.003,269,NC1,NC3,NC3,0.272
6596,CT_DEEP,0.05,2006-07-24,0.549,0.002,549,NC1,LE1,NC3,0.551
6596,CT_DEEP,0.5,2006-07-24,0.499,0.002,499,NC1,LE1,NC3,0.501
6599,CT_DEEP,0.1,2005-06-30,0.393,0.009,400,NC1,NC3,NC3,0.409
6599,CT_DEEP,4.25,2005-06-30,0.663,0.002,663,NC1,NC3,NC3,0.665
6599,CT_DEEP,6.25,2005-06-30,2.164,0.001,674,NC1,LE3,NC3,0.675
6599,CT_DEEP,0.1,2005-08-04,0.579,0.005,574.18,NC1,NC3,NC3,0.5791799999999999
6599,CT_DEEP,3.25,2005-08-04,0.657,0.002,654.57,NC1,NC3,NC3,0.6565700000000001
6599,CT_DEEP,4.25,2005-08-04,0.964,0.003,960.9,NC1,NC3,NC3,0.9639
6599,CT_DEEP,6.25,2005-08-04,3.506,0.004,401.99,NC1,NC3,NC3,0.40599
6599,CT_DEEP,0.1,2006-06-21,0.249,0.002,249,NC1,LE3,NC3,0.251
6599,CT_DEEP,4,2006-06-21,0.631,0.04,402,NC1,NC3,NC3,0.442
6599,CT_DEEP,7,2006-06-21,1.23,0.005,171,NC1,NC3,NC3,0.176
6599,CT_DEEP,4.5,2006-07-13,0.776,0.002,776,NC1,LE3,NC3,0.778
6599,CT_DEEP,0.1,2006-08-16,0.686,0.003,686,NC1,NC3,NC3,0.689
6599,CT_DEEP,4,2006-08-16,0.894,0.002,894,NC1,LE3,NC3,0.896
6599,CT_DEEP,5,2006-08-16,1.531,0.002,371,NC1,LE3,NC3,0.373
6599,CT_DEEP,0.1,2007-07-09,0.425,0.002,425,NC1,LE3,NC3,0.427
6599,CT_DEEP,0.3,2007-07-09,0.425,0.002,425,NC1,LE3,NC3,0.427
6599,CT_DEEP,4,2007-07-09,0.405,0.002,405,NC1,LE3,NC3,0.407
6599,CT_DEEP,6.5,2007-07-09,2.325,0.002,2318,NC1,LE3,NC3,2.32
6610,CT_DEEP,0.1,2005-05-25,0.213,0.003,209,NC1,NC3,NC3,0.212
6610,CT_DEEP,4,2005-07-26,0.258,0.002,258,NC1,LE3,NC3,0.26
6610,CT_DEEP,6,2005-07-26,0.18,0.002,180,NC1,LE3,NC3,0.182
6616,CT_DEEP,0.1,2005-05-20,0.255,0.001,255,NC1,LE3,NC3,0.256
6624,CT_DEEP,5,2006-07-18,0.215,0.048,162,NC1,NC3,NC3,0.21
6624,CT_DEEP,10,2006-07-18,0.19,0.052,131,NC1,NC3,NC3,0.183
6628,CT_DEEP,23,2007-07-30,0.528,0.024,496,NC1,NC3,NC3,0.52
6674,CT_DEEP,0.05,2006-05-31,0.16,0.002,160,NC1,LE1,NC3,0.162
6674,CT_DEEP,0.05,2006-07-12,0.247,0.002,247,NC1,LE1,NC3,0.249
6674,CT_DEEP,4,2006-07-12,0.192,0.002,192,NC1,LE1,NC3,0.194
6674,CT_DEEP,5,2006-07-12,0.216,0.002,216,NC1,LE1,NC3,0.218
6674,CT_DEEP,6,2006-07-12,0.129,0.002,129,NC1,LE1,NC3,0.131
6674,CT_DEEP,0.05,2007-06-12,0.192,0.002,192,NC1,LE3,NC3,0.194
6674,CT_DEEP,0.05,2007-07-17,0.179,0.003,179,NC1,NC3,NC3,0.182
6679,CT_DEEP,0.05,2006-07-20,1.583,0.888,688,NC1,NC3,NC3,1.576
6679,CT_DEEP,1,2006-07-20,1.511,0.887,625,NC1,NC3,NC3,1.512
6679,CT_DEEP,1.5,2006-07-20,1.592,0.871,715,NC1,NC3,NC3,1.586
6684,CT_DEEP,0.05,2006-05-26,0.407,0.152,254,NC1,NC3,NC3,0.406
6684,CT_DEEP,3,2006-07-20,0.719,0.244,471,NC1,NC3,NC3,0.715
6698,CT_DEEP,0.05,2005-07-07,0.45,0.002,450,NC1,LE3,NC3,0.452
6698,CT_DEEP,2,2005-07-07,0.473,0.002,473,NC1,LE3,NC3,0.475
6724,CT_DEEP,0.05,2007-06-07,0.248,0.002,248,NC1,LE3,NC3,0.25
6724,CT_DEEP,2,2007-07-19,0.269,0.002,265,NC1,NC3,NC3,0.267
6728,CT_DEEP,0.05,2005-07-26,0.422,0.002,422,NC1,LE3,NC3,0.424
6728,CT_DEEP,1,2005-07-26,0.443,0.0039700000000000004,439,NC1,NC3,NC3,0.44297000000000003
6728,CT_DEEP,2,2005-07-26,0.464,0.002,464,NC1,LE3,NC3,0.466
6729,CT_DEEP,0.05,2006-06-01,0.069,0.002,69,NC1,LE1,NC3,0.071
6729,CT_DEEP,0.05,2006-07-24,0.065,0.014,65,NC1,NC3,NC3,0.079
6729,CT_DEEP,4,2006-07-24,0.073,0.002,73,NC1,LE1,NC3,0.075
6730,CT_DEEP,0.1,2005-05-23,0.364,0.001,364,NC1,LE3,NC3,0.365
6730,CT_DEEP,6,2005-07-19,0.2,0.002,200,NC1,LE3,NC3,0.202
6730,CT_DEEP,8,2005-07-19,0.347,0.002,347,NC1,LE3,NC3,0.349
6730,CT_DEEP,0.05,2007-05-24,0.269,0.002,269,NC1,LE3,NC3,0.271
6730,CT_DEEP,8,2007-07-11,0.347,0.001,344,NC1,NC3,NC3,0.345
6733,CT_DEEP,4,2006-07-25,0.378,0.002,378,NC1,LE1,NC3,0.38
6733,CT_DEEP,5,2006-07-25,0.3,0.002,300,NC1,LE1,NC3,0.302
6733,CT_DEEP,8,2006-07-25,0.837,0.002,837,NC1,LE1,NC3,0.839
6742,CT_DEEP,0.05,2006-06-01,0.192,0.002,192,NC1,LE1,NC3,0.194
6742,CT_DEEP,0.05,2006-07-24,0.335,0.002,335,NC1,LE1,NC3,0.337
6742,CT_DEEP,2,2006-07-24,0.457,0.002,457,NC1,LE1,NC3,0.459
6755,CT_DEEP,0.05,2007-05-24,0.519,0.133,382,NC1,NC3,NC3,0.515
6761,CT_DEEP,0.1,2005-05-16,0.323,0.001,323,NC1,LE3,NC3,0.324
6761,CT_DEEP,4,2005-07-26,0.325,0.002,325,NC1,LE3,NC3,0.327
6761,CT_DEEP,7,2005-07-26,0.425,0.002,425,NC1,LE3,NC3,0.427
6767,CT_DEEP,0.05,2007-05-31,0.292,0.002,292,NC1,LE3,NC3,0.294
6771,CT_DEEP,0.05,2006-07-25,0.477,0.002,477,NC1,LE1,NC3,0.479
6771,CT_DEEP,0.5,2006-07-25,0.502,0.002,476,NC1,LE1,NC3,0.478
6775,CT_DEEP,4,2006-07-11,0.515,0.044,515,NC1,NC3,NC3,0.559
6781,CT_DEEP,0.05,2006-06-08,0.525,0.072,337,NC1,NC3,NC3,0.409
6795,CT_DEEP,0.1,2005-05-17,0.369,0.001,369,NC1,LE3,NC3,0.37
6795,CT_DEEP,1,2005-07-14,0.375,0.002,375,NC1,LE3,NC3,0.377
6798,CT_DEEP,0.05,2007-05-31,0.081,0.002,81,NC1,LE3,NC3,0.083
6800,CT_DEEP,0.05,2007-06-07,0.253,0.002,253,NC1,LE3,NC3,0.255
6808,CT_DEEP,0.05,2006-07-18,0.199,0.002,199,NC1,LE1,NC3,0.201
6808,CT_DEEP,6,2006-07-18,0.179,0.002,179,NC1,LE1,NC3,0.181
6808,CT_DEEP,10,2006-07-18,0.153,0.002,153,NC1,LE1,NC3,0.155
6809,CT_DEEP,0.1,2006-07-17,0.291,0.002,291,NC1,LE1,NC3,0.293
6809,CT_DEEP,10.5,2006-07-17,0.693,0.002,693,NC1,LE1,NC3,0.695
6817,CT_DEEP,3,2005-06-30,0.932,0.001,932,NC1,LE3,NC3,0.933
6817,CT_DEEP,0.1,2006-06-21,0.283,0.002,283,NC1,LE3,NC3,0.285
6817,CT_DEEP,3.5,2006-06-21,0.822,0.002,822,NC1,LE3,NC3,0.824
6817,CT_DEEP,3.5,2006-07-13,0.784,0.002,784,NC1,LE3,NC3,0.786
6817,CT_DEEP,0.1,2006-08-16,1.455,0.003,1455,NC1,NC3,NC3,1.458
6817,CT_DEEP,4,2006-08-16,0.893,0.002,893,NC1,LE3,NC3,0.895
6817,CT_DEEP,0.1,2007-07-09,0.603,0.002,603,NC1,LE3,NC3,0.605
6817,CT_DEEP,0.3,2007-07-09,0.492,0.002,492,NC1,LE3,NC3,0.494
6817,CT_DEEP,3.5,2007-07-09,0.483,0.002,483,NC1,LE3,NC3,0.485
6849,CT_DEEP,5,2007-07-02,0.275,0.019,254,NC1,NC3,NC3,0.273
6855,CT_DEEP,3,2006-07-17,0.252,0.002,252,NC1,LE1,NC3,0.254
6855,CT_DEEP,3.5,2006-07-17,0.323,0.002,323,NC1,LE1,NC3,0.325
6885,CT_DEEP,0.05,2006-05-25,0.584,0.002,584,NC1,LE1,NC3,0.586
6885,CT_DEEP,0.05,2006-07-13,1.214,0.034,975,NC1,NC3,NC3,1.009
6885,CT_DEEP,1,2006-07-13,1.28,0.035,1240,NC1,NC3,NC3,1.275
6885,CT_DEEP,2,2006-07-13,1.214,0.014,800,NC1,NC3,NC3,0.814
6915,CT_DEEP,0.1,2005-05-16,0.255,0.001,255,NC1,LE3,NC3,0.256
6915,CT_DEEP,0.05,2005-07-15,2.52,0.002,2394,NC1,LE3,NC3,2.396
6915,CT_DEEP,1,2005-07-15,1.005,0.0025299999999999997,987.47,NC1,NC3,NC3,0.99
6916,CT_DEEP,0.05,2005-07-11,0.442,0.002,442,NC1,LE3,NC3,0.444
6916,CT_DEEP,1,2005-07-11,0.509,0.002,509,NC1,LE3,NC3,0.511
6916,CT_DEEP,1.5,2005-07-11,0.514,0.002,514,NC1,LE3,NC3,0.516
6938,CT_DEEP,0.1,2008-08-26,0.229,0.002,2,NC1,LE3,LE3,0.004
7114,CT_DEEP,0.05,2007-06-07,0.327,0.002,327,NC1,LE3,NC3,0.329
7114,CT_DEEP,1,2007-07-02,0.366,0.001,363,NC1,NC3,NC3,0.364
7122,CT_DEEP,0.05,2007-05-24,0.373,0.069,283,NC1,NC3,NC3,0.352
7122,CT_DEEP,6,2007-07-11,0.429,0.056,295,NC1,NC3,NC3,0.351
7134,CT_DEEP,0.1,2005-05-16,0.388,0.026,360,NC1,NC3,NC3,0.386
7134,CT_DEEP,0.05,2005-07-15,0.439,0.002,433,NC1,LE3,NC3,0.435
7134,CT_DEEP,1,2005-07-15,0.469,0.002,469,NC1,LE3,NC3,0.471
7134,CT_DEEP,1.5,2005-07-15,0.487,0.002,487,NC1,LE3,NC3,0.489
7138,CT_DEEP,0.1,2005-05-20,0.246,0.001,246,NC1,LE3,NC3,0.247
7138,CT_DEEP,2,2005-07-07,0.246,0.00528,226.72,NC1,NC3,NC3,0.232
7141,CT_DEEP,0.05,2007-05-30,0.301,0.002,301,NC1,LE3,NC3,0.303
7171,NY_LCI_CHEM,2,2008-07-28,0.6,0.2,500,NC1,NC1,NC1,0.7
7179,CT_DEEP,0.05,2005-07-21,0.158,0.002,158,NC1,LE3,NC3,0.16
7179,CT_DEEP,5,2005-07-21,0.224,0.002,224,NC1,LE3,NC3,0.226
7180,CT_DEEP,0.05,2006-07-25,0.276,0.002,276,NC1,LE1,NC3,0.278
7180,CT_DEEP,4,2006-07-25,0.276,0.002,276,NC1,LE1,NC3,0.278
7180,CT_DEEP,6,2006-07-25,0.213,0.002,213,NC1,LE1,NC3,0.215
7180,CT_DEEP,8,2006-07-25,0.261,0.002,261,NC1,LE1,NC3,0.263
7180,CT_DEEP,0.05,2007-06-14,0.259,0.002,259,NC1,LE3,NC3,0.261
7180,CT_DEEP,5,2007-07-25,0.294,0.001,294,NC1,NC3,NC3,0.295
7201,CT_DEEP,0.1,2007-10-31,0.384,0.002,384,NC1,LE3,NC3,0.386
7201,CT_DEEP,3,2007-10-31,0.286,0.002,286,NC1,LE3,NC3,0.288
7221,CT_DEEP,0.1,2006-07-10,0.593,0.002,593,NC1,LE3,NC3,0.595
7221,CT_DEEP,3,2006-07-10,0.431,0.002,431,NC1,LE3,NC3,0.433
7221,CT_DEEP,5,2006-07-10,0.499,0.002,499,NC1,LE3,NC3,0.501
7221,CT_DEEP,0.1,2006-07-27,0.41,0.008,379,NC1,NC3,NC3,0.387
7221,CT_DEEP,2.5,2006-07-27,0.404,0.002,404,NC1,LE1,NC3,0.406
7221,CT_DEEP,4.4,2006-07-27,0.607,0.002,392,NC1,LE1,NC3,0.394
7284,CT_DEEP,0.05,2006-06-05,0.1,0.002,93,NC1,LE1,NC3,0.095
7284,CT_DEEP,0.05,2006-07-18,0.2,0.002,200,NC1,LE1,NC3,0.202
7284,CT_DEEP,1,2006-07-18,0.18,0.002,180,NC1,LE1,NC3,0.182
7284,CT_DEEP,4,2006-07-18,0.102,0.002,98,NC1,LE1,NC3,0.1
7284,CT_DEEP,6,2006-07-18,0.149,0.002,149,NC1,LE1,NC3,0.151
7286,CT_DEEP,0.05,2007-06-12,0.22,0.002,220,NC1,LE3,NC3,0.222
7286,CT_DEEP,5,2007-07-18,0.239,0.001,236,NC1,NC3,NC3,0.237
7286,CT_DEEP,6.5,2007-07-18,0.317,0.057,258,NC1,NC3,NC3,0.315
7324,CT_DEEP,0.1,2005-05-24,0.501,0.22,279,NC1,NC3,NC3,0.499
7324,CT_DEEP,0.05,2005-07-19,0.276,0.002,276,NC1,LE3,NC3,0.278
7324,CT_DEEP,3,2005-07-19,0.297,0.007940000000000001,289.09,NC1,NC3,NC3,0.29702999999999996
7332,CT_DEEP,0.1,2005-05-20,0.323,0.001,323,NC1,LE3,NC3,0.324
7332,CT_DEEP,0.05,2005-07-07,0.462,0.00294,458.53,NC1,NC3,NC3,0.46147
7332,CT_DEEP,1,2005-07-07,0.452,0.0034,449.06,NC1,NC3,NC3,0.45246
7340,CT_DEEP,0.1,2005-05-18,0.502,0.029,468,NC1,NC3,NC3,0.497
7340,CT_DEEP,0.05,2005-07-21,0.314,0.002,314,NC1,LE3,NC3,0.316
7340,CT_DEEP,3.5,2005-07-21,0.534,0.002,534,NC1,LE3,NC3,0.536
7350,CT_DEEP,0.1,2005-05-24,0.274,0.012,245,NC1,NC3,NC3,0.257
7350,CT_DEEP,2.5,2005-07-11,0.237,0.008,228.61,NC1,NC3,NC3,0.23661000000000001
7374,CT_DEEP,0.05,2006-06-08,0.38,0.002,380,NC1,LE1,NC3,0.382
7374,CT_DEEP,0.05,2006-07-14,0.345,0.002,345,NC1,LE1,NC3,0.347
7374,CT_DEEP,3,2006-07-14,0.476,0.027,442,NC1,NC3,NC3,0.469
7374,CT_DEEP,4,2006-07-14,0.469,0.017,469,NC1,NC3,NC3,0.486
7375,CT_DEEP,0.05,2007-06-14,0.399,0.092,301,NC1,NC3,NC3,0.393
7375,CT_DEEP,6,2007-07-25,0.36,0.061,295,NC1,NC3,NC3,0.356
7375,CT_DEEP,10,2007-07-25,0.375,0.199,171,NC1,NC3,NC3,0.37
7375,CT_DEEP,14,2007-07-25,0.479,0.325,151,NC1,NC3,NC3,0.476
7378,CT_DEEP,8,2005-07-14,0.427,0.063,355.4,NC1,NC3,NC3,0.4184
7407,CT_DEEP,0.05,2007-06-13,0.696,0.401,290,NC1,NC3,NC3,0.691
7407,CT_DEEP,0.05,2007-07-19,0.596,0.361,229,NC1,NC3,NC3,0.59
7407,CT_DEEP,4,2007-07-19,0.751,0.386,360,NC1,NC3,NC3,0.746
7434,CT_DEEP,0.05,2007-06-05,0.875,0.414,451,NC1,NC3,NC3,0.865
7434,CT_DEEP,0.05,2007-07-09,0.818,0.514,294,NC1,NC3,NC3,0.808
7434,CT_DEEP,1,2007-07-09,0.917,0.65,259,NC1,NC3,NC3,0.909
7434,CT_DEEP,2,2007-07-09,0.91,0.612,286,NC1,NC3,NC3,0.898
7434,CT_DEEP,2.5,2007-07-09,0.916,0.58,324,NC1,NC3,NC3,0.904
7435,CT_DEEP,0.1,2005-05-25,0.192,0.007,192,NC1,NC3,NC3,0.199
7435,CT_DEEP,0.05,2005-07-14,0.118,0.002,118,NC1,LE3,NC3,0.12
7435,CT_DEEP,2,2005-07-14,0.139,0.00394,139,NC1,NC3,NC3,0.14294
7435,CT_DEEP,4,2005-07-14,0.106,0.002,106,NC1,LE3,NC3,0.108
20702,MN_GPR,0,2000-06-12,2.4,0.05,2400,NC3,LE1,NC3,2.45
20702,MN_GPR,0,2000-08-08,1.1,0.05,1100,NC3,LE1,NC3,1.15
20702,MN_GPR,0,2000-10-09,1,0.05,1000,NC3,LE1,NC3,1.05
20702,MN_GPR,0,2002-06-10,0.7,0.05,700,NC3,LE1,NC3,0.75
20702,MN_GPR,0,2002-08-19,0.9,0.05,900,NC3,LE1,NC3,0.95
20702,MN_GPR,0,2002-10-07,0.7,0.05,700,NC3,LE1,NC3,0.75
20702,MN_GPR,0,2004-05-04,0.95,0.05,950,NC3,LE1,NC3,1
20702,MN_GPR,0,2004-07-13,1.9,0.05,1900,NC3,LE1,NC3,1.95
20702,MN_GPR,0,2004-09-13,1.6,0.05,1600,NC3,LE1,NC3,1.65
20702,MN_GPR,0,2006-05-08,0.98,0.05,980,NC3,LE1,NC3,1.03
20702,MN_GPR,0,2006-06-20,0.6,0.005,600,NC3,LE1,NC3,0.605
20702,MN_GPR,0,2006-07-18,0.61,0.05,610,NC3,LE1,NC3,0.66
20702,MN_GPR,0,2006-08-15,0.5,0.005,500,NC3,LE1,NC3,0.505
20702,MN_GPR,0,2006-09-12,1.54,0.05,1540,NC3,LE1,NC3,1.59
20702,MN_GPR,0,2006-10-03,1,0.27,700,NC3,NC1,NC3,0.97
20702,MN_GPR,0,2008-05-12,1.38,0.05,1380,NC3,LE1,NC3,1.43
20702,MN_GPR,0,2008-06-24,1.3,0.05,1200,NC3,LE1,NC3,1.25
20702,MN_GPR,0,2008-07-07,1.32,0.05,1320,NC3,LE1,NC3,1.37
20702,MN_GPR,0,2008-08-12,0.8,0.08,700,NC3,LE1,NC3,0.78
20702,MN_GPR,0,2008-09-10,1.08,0.05,1080,NC3,LE1,NC3,1.13
20702,MN_GPR,0,2010-05-11,1.26,0.05,1260,NC3,LE1,NC3,1.31
20702,MN_GPR,0,2010-06-23,1.1,0.005,1100,NC3,LE1,NC3,1.105
20702,MN_GPR,0,2010-07-27,1.13,0.05,1130,NC3,LE1,NC3,1.18
20702,MN_GPR,0,2010-08-23,0.8,0.005,800,NC3,LE1,NC3,0.805
20702,MN_GPR,0,2010-09-20,1.16,0.05,1160,NC3,LE1,NC3,1.21
20702,MN_GPR,0,2010-10-13,0.5,0.005,500,NC3,LE1,NC3,0.505
23966,MN_GPR,0,1999-06-17,0.4,0.05,400,NC3,LE1,NC3,0.45
23966,MN_GPR,0,1999-08-09,1.7,0.05,1600,NC3,LE1,NC3,1.65
23966,MN_GPR,0,1999-10-05,0.56,0.05,560,NC3,LE1,NC3,0.61
23966,MN_GPR,0,2001-06-05,1.6,0.05,1600,NC3,LE1,NC3,1.65
23966,MN_GPR,0,2001-08-13,1.1,0.05,1100,NC3,LE1,NC3,1.15
23966,MN_GPR,0,2001-10-01,0.9,0.05,900,NC3,LE1,NC3,0.95
23966,MN_GPR,0,2003-05-12,1.8,0.36,1400,NC3,NC1,NC3,1.76
23966,MN_GPR,0,2003-07-02,2.1,0.05,2100,NC3,LE1,NC3,2.15
23966,MN_GPR,0,2003-09-15,2,0.15,1800,NC3,NC1,NC3,1.95
23966,MN_GPR,0,2005-05-16,1.1,0.05,1100,NC3,LE1,NC3,1.15
23966,MN_GPR,0,2005-06-13,0.7,0.005,700,NC3,LE1,NC3,0.705
23966,MN_GPR,0,2005-07-11,1.1,0.05,1100,NC3,LE1,NC3,1.15
23966,MN_GPR,0,2005-08-08,1.7,0.005,1700,NC3,LE1,NC3,1.705
23966,MN_GPR,0,2005-09-21,1.2,0.05,1200,NC3,LE1,NC3,1.25
23966,MN_GPR,0,2005-10-04,0.9,0.005,900,NC3,LE1,NC3,0.905
23966,MN_GPR,0,2007-05-07,1.39,0.05,1390,NC3,LE1,NC3,1.44
23966,MN_GPR,0,2007-06-11,1.1,0.005,1100,NC3,LE1,NC3,1.105
23966,MN_GPR,0,2007-07-17,1.79,0.05,1790,NC3,LE1,NC3,1.84
23966,MN_GPR,0,2007-08-21,1.4,0.005,1400,NC3,LE1,NC3,1.405
23966,MN_GPR,0,2007-09-25,1.05,0.05,1050,NC3,LE1,NC3,1.1
23966,MN_GPR,0,2007-10-10,1.1,0.01,1100,NC3,LE1,NC3,1.11
23966,MN_GPR,0,2009-05-28,0.86,0.05,860,NC3,LE1,NC3,0.91
23966,MN_GPR,0,2009-06-15,0.8,0.005,800,NC3,LE1,NC3,0.805
23966,MN_GPR,0,2009-07-14,1.1,0.05,1100,NC3,LE1,NC3,1.15
23966,MN_GPR,0,2009-08-26,1,0.05,1000,NC3,LE1,NC3,1.05
23966,MN_GPR,0,2009-09-14,1.19,0.05,1190,NC3,LE1,NC3,1.24
23966,MN_GPR,0,2009-10-15,0.8,0.025,800,NC3,LE1,NC3,0.825
23966,MN_GPR,0,2011-05-26,0.25,0.05,250,NC3,LE1,NC3,0.3
23966,MN_GPR,0,2011-06-06,0.7,0.025,700,NC3,LE1,NC3,0.725
23966,MN_GPR,0,2011-07-17,0.8,0.025,800,NC3,LE1,NC3,0.825
23966,MN_GPR,0,2011-08-08,1.1,0.025,1100,NC3,LE1,NC3,1.125
23966,MN_GPR,0,2011-09-13,1.5,0.025,1500,NC3,LE1,NC3,1.525
23966,MN_GPR,0,2011-10-04,0.7,0.025,700,NC3,LE1,NC3,0.725
38498,MN_GPR,0,1999-06-17,0.4,0.05,400,NC3,LE1,NC3,0.45
38498,MN_GPR,0,1999-08-09,0.27,0.05,270,NC3,LE1,NC3,0.32
38498,MN_GPR,0,1999-10-05,0.14,0.05,140,NC3,LE1,NC3,0.19
38498,MN_GPR,0,2001-06-04,1.6,0.05,1600,NC3,LE1,NC3,1.65
38498,MN_GPR,0,2001-08-20,0.7,0.05,700,NC3,LE1,NC3,0.75
38498,MN_GPR,0,2001-10-01,0.5,0.05,500,NC3,LE1,NC3,0.55
38498,MN_GPR,0,2003-05-05,0.1,0.1,500,NC3,LE1,NC3,0.6
38498,MN_GPR,0,2003-07-01,1.9,0.5,1900,NC3,NC1,NC3,2.4
38498,MN_GPR,0,2005-05-10,0.62,0.05,620,NC3,LE1,NC3,0.67
38498,MN_GPR,0,2005-06-15,0.6,0.005,600,NC3,LE1,NC3,0.605
38498,MN_GPR,0,2005-07-11,0.25,0.05,250,NC3,LE1,NC3,0.3
38498,MN_GPR,0,2005-08-09,0.8,0.005,800,NC3,LE1,NC3,0.805
38498,MN_GPR,0,2005-09-12,0.25,0.05,250,NC3,LE1,NC3,0.3
38498,MN_GPR,0,2005-10-04,0.6,0.02,600,NC3,LE1,NC3,0.62
38498,MN_GPR,0,2007-05-09,1.23,0.05,1230,NC3,LE1,NC3,1.28
38498,MN_GPR,0,2007-06-05,0.9,0.005,900,NC3,LE1,NC3,0.905
38498,MN_GPR,0,2007-07-10,1.95,0.05,1950,NC3,LE1,NC3,2
38498,MN_GPR,0,2007-09-24,1.09,0.05,1090,NC3,LE1,NC3,1.14
38498,MN_GPR,0,2007-10-10,1.4,0.89,500,NC3,NC1,NC3,1.39
38498,MN_GPR,0,2009-05-18,0.54,0.05,540,NC3,LE1,NC3,0.59
38498,MN_GPR,0,2009-06-09,0.3,0.005,300,NC3,LE1,NC3,0.305
38498,MN_GPR,0,2009-07-15,0.67,0.05,670,NC3,LE1,NC3,0.72
38498,MN_GPR,0,2009-08-18,0.3,0.005,300,NC3,LE1,NC3,0.305
38498,MN_GPR,0,2009-09-22,0.81,0.05,810,NC3,LE1,NC3,0.86
38498,MN_GPR,0,2009-10-14,0.4,0.005,400,NC3,LE1,NC3,0.405
38498,MN_GPR,0,2011-06-06,0.4,0.005,400,NC3,LE1,NC3,0.405
38498,MN_GPR,0,2011-08-02,0.32,0.03,400,NC3,LE1,NC3,0.43
38498,MN_GPR,0,2011-10-06,0.6,0.005,600,NC3,LE1,NC3,0.605
46877,NY_LCI_CHEM,2,2010-10-05,0.7,0.1,500,NC1,NC1,NC1,0.6
57276,MN_GPR,0,2001-06-19,1.49,0.05,1490,NC3,LE1,NC3,1.54
57276,MN_GPR,0,2001-08-20,1,0.05,1000,NC3,LE1,NC3,1.05
57276,MN_GPR,0,2001-10-03,0.7,0.05,700,NC3,LE1,NC3,0.75
57276,MN_GPR,0,2003-07-07,0.98,0.05,980,NC3,LE1,NC3,1.03
57276,MN_GPR,0,2005-05-10,0.67,0.05,670,NC3,LE1,NC3,0.72
57276,MN_GPR,0,2005-06-14,0.4,0.005,400,NC3,LE1,NC3,0.405
57276,MN_GPR,0,2005-07-18,0.86,0.05,860,NC3,LE1,NC3,0.91
57276,MN_GPR,0,2005-08-15,0.8,0.005,800,NC3,LE1,NC3,0.805
57276,MN_GPR,0,2005-09-13,0.9,0.05,900,NC3,LE1,NC3,0.95
57276,MN_GPR,0,2005-10-09,0.6,0.005,600,NC3,LE1,NC3,0.605
57276,MN_GPR,0,2007-05-07,0.79,0.05,790,NC3,LE1,NC3,0.84
57276,MN_GPR,0,2007-06-05,0.7,0.005,700,NC3,LE1,NC3,0.705
57276,MN_GPR,0,2007-08-08,1.4,0.005,1400,NC3,LE1,NC3,1.405
57276,MN_GPR,0,2007-09-17,1.3,0.05,1300,NC3,LE1,NC3,1.35
57276,MN_GPR,0,2007-10-03,1.2,0.02,1200,NC3,LE1,NC3,1.22
57276,MN_GPR,0,2009-05-27,0.59,0.05,590,NC3,LE1,NC3,0.64
57276,MN_GPR,0,2009-06-09,0.3,0.005,300,NC3,LE1,NC3,0.305
57276,MN_GPR,0,2009-07-06,0.53,0.05,530,NC3,LE1,NC3,0.58
57276,MN_GPR,0,2009-08-18,0.7,0.005,700,NC3,LE1,NC3,0.705
57276,MN_GPR,0,2009-10-14,0.8,0.005,800,NC3,LE1,NC3,0.805
57276,MN_GPR,0,2011-05-10,0.76,0.05,760,NC3,LE1,NC3,0.81
57276,MN_GPR,0,2011-06-06,0.3,0.005,300,NC3,LE1,NC3,0.305
57276,MN_GPR,0,2011-07-11,0.5,0.025,500,NC3,LE1,NC3,0.525
57276,MN_GPR,0,2011-09-12,0.7,0.005,700,NC3,LE1,NC3,0.705
57276,MN_GPR,0,2011-10-06,1,0.005,1000,NC3,LE1,NC3,1.005
61388,MN_GPR,0,2000-06-06,0.8,0.05,800,NC3,LE1,NC3,0.85
61388,MN_GPR,0,2000-08-14,1.4,0.05,1400,NC3,LE1,NC3,1.45
61388,MN_GPR,0,2000-10-03,0.95,0.05,950,NC3,LE1,NC3,1
61388,MN_GPR,0,2002-06-17,0.3,0.05,300,NC3,LE1,NC3,0.35
61388,MN_GPR,0,2002-10-02,0.8,0.05,800,NC3,LE1,NC3,0.85
61388,MN_GPR,0,2004-05-24,1.6,0.05,1600,NC3,LE1,NC3,1.65
61388,MN_GPR,0,2004-07-12,1.6,0.05,1600,NC3,LE1,NC3,1.65
61388,MN_GPR,0,2004-09-07,0.75,0.05,750,NC3,LE1,NC3,0.8
61388,MN_GPR,0,2006-05-15,0.83,0.05,830,NC3,LE1,NC3,0.88
61388,MN_GPR,0,2006-06-07,1,0.005,1000,NC3,LE1,NC3,1.005
61388,MN_GPR,0,2006-07-10,0.77,0.05,770,NC3,LE1,NC3,0.82
61388,MN_GPR,0,2006-08-15,1.1,0.005,1100,NC3,LE1,NC3,1.105
61388,MN_GPR,0,2006-09-11,1.84,0.05,1840,NC3,LE1,NC3,1.89
61388,MN_GPR,0,2006-10-03,2,0.69,1300,NC3,NC1,NC3,1.99
61388,MN_GPR,0,2008-05-12,0.96,0.05,960,NC3,LE1,NC3,1.01
61388,MN_GPR,0,2008-06-02,0.7,0.005,700,NC3,LE1,NC3,0.705
61388,MN_GPR,0,2008-07-15,0.98,0.05,980,NC3,LE1,NC3,1.03
61388,MN_GPR,0,2008-08-11,0.9,0.01,900,NC3,LE1,NC3,0.91
61388,MN_GPR,0,2008-09-08,4.24,0.05,4240,NC3,LE1,NC3,4.29
61388,MN_GPR,0,2008-10-02,1,0.01,1000,NC3,LE1,NC3,1.01
61388,MN_GPR,0,2010-05-19,1.54,0.05,1540,NC3,LE1,NC3,1.59
61388,MN_GPR,0,2010-06-29,1.9,0.025,1900,NC3,LE1,NC3,1.925
61388,MN_GPR,0,2010-07-21,1.3,0.05,1300,NC3,LE1,NC3,1.35
61388,MN_GPR,0,2010-08-23,1.2,0.005,1200,NC3,LE1,NC3,1.205
61388,MN_GPR,0,2010-09-13,1.55,0.05,1550,NC3,LE1,NC3,1.6
61388,MN_GPR,0,2010-10-04,1,0.005,1000,NC3,LE1,NC3,1.005
70739,MN_GPR,0,2000-06-05,0.6,0.05,610,NC3,LE1,NC3,0.66
70739,MN_GPR,0,2000-08-07,0.78,0.05,780,NC3,LE1,NC3,0.83
70739,MN_GPR,0,2000-10-04,0.58,0.05,580,NC3,LE1,NC3,0.63
70739,MN_GPR,0,2002-06-03,0.8,0.05,800,NC3,LE1,NC3,0.85
70739,MN_GPR,0,2002-10-07,0.5,0.05,500,NC3,LE1,NC3,0.55
70739,MN_GPR,0,2004-05-17,1.9,0.05,1900,NC3,LE1,NC3,1.95
70739,MN_GPR,0,2004-07-19,0.72,0.05,720,NC3,LE1,NC3,0.77
70739,MN_GPR,0,2004-09-14,0.84,0.05,840,NC3,LE1,NC3,0.89
70739,MN_GPR,0,2006-05-02,0.79,0.05,790,NC3,LE1,NC3,0.84
70739,MN_GPR,0,2006-06-19,0.3,0.005,300,NC3,LE1,NC3,0.305
70739,MN_GPR,0,2006-07-12,0.54,0.05,540,NC3,LE1,NC3,0.59
70739,MN_GPR,0,2006-08-02,0.6,0.005,600,NC3,LE1,NC3,0.605
70739,MN_GPR,0,2006-09-11,1.52,0.05,1520,NC3,LE1,NC3,1.57
70739,MN_GPR,0,2008-05-20,0.63,0.05,630,NC3,LE1,NC3,0.68
70739,MN_GPR,0,2008-06-03,0.5,0.005,500,NC3,LE1,NC3,0.505
70739,MN_GPR,0,2008-07-07,0.78,0.05,780,NC3,LE1,NC3,0.83
70739,MN_GPR,0,2008-08-11,0.6,0.01,600,NC3,LE1,NC3,0.61
70739,MN_GPR,0,2008-09-09,0.84,0.05,840,NC3,LE1,NC3,0.89
70739,MN_GPR,0,2008-10-07,0.4,0.005,400,NC3,LE1,NC3,0.405
70739,MN_GPR,0,2010-05-12,1.18,0.05,1180,NC3,LE1,NC3,1.23
70739,MN_GPR,0,2010-06-07,1.2,0.005,1200,NC3,LE1,NC3,1.205
70739,MN_GPR,0,2010-07-19,1.2,0.05,1200,NC3,LE1,NC3,1.25
70739,MN_GPR,0,2010-09-15,2.32,0.05,2320,NC3,LE1,NC3,2.37
70739,MN_GPR,0,2010-10-04,0.7,0.005,700,NC3,LE1,NC3,0.705
72641,PA_WALLENPAUPACK,0.5,1992-05-05,0.52,0.045,430,NC3,NC4,NC4,0.475
72641,PA_WALLENPAUPACK,0,2008-03-31,2.01,1,1000,NC3,LE3,LE3,2
72641,PA_WALLENPAUPACK,0,2008-04-21,0.841,0.01,820,NC3,LE3,NC4,0.83
72641,PA_WALLENPAUPACK,-2,2008-05-20,1.147,0.14,1000,NC3,NC4,LE3,1.14
72641,PA_WALLENPAUPACK,0,2008-05-28,1.02,0.01,1000,NC3,LE3,LE3,1.01
72641,PA_WALLENPAUPACK,-2,2008-06-16,1.079,0.06,1000,NC3,NC4,LE3,1.06
72641,PA_WALLENPAUPACK,-2,2008-06-24,1.044,0.01,1000,NC3,LE3,LE3,1.01
72641,PA_WALLENPAUPACK,-2,2008-07-08,1.197,0.04,1150,NC3,NC4,NC4,1.19
72641,PA_WALLENPAUPACK,0,2008-07-08,1.02,0.01,1000,NC3,LE3,LE3,1.01
72641,PA_WALLENPAUPACK,0,2008-08-08,1.037,0.01,1000,NC3,LE3,LE3,1.01
72641,PA_WALLENPAUPACK,-2,2008-10-14,1.461,0.45,1000,NC3,NC4,LE3,1.45
72641,PA_WALLENPAUPACK,0,2008-11-21,1.17,0.16,1000,NC3,NC4,LE3,1.16
72641,PA_WALLENPAUPACK,0,2009-03-27,1.032,0.02,1000,NC3,NC4,LE3,1.02
72641,PA_WALLENPAUPACK,-2,2010-05-24,2.102,0.2,1900,NC3,NC4,NC4,2.1
72641,PA_WALLENPAUPACK,0,2010-05-24,0.453,0.1,350,NC3,NC4,NC4,0.45
72641,PA_WALLENPAUPACK,-2,2010-06-14,1.074,0.18,890,NC3,NC4,NC4,1.07
72641,PA_WALLENPAUPACK,0,2010-06-14,0.532,0.03,500,NC3,NC4,NC4,0.53
72641,PA_WALLENPAUPACK,-2,2010-07-20,0.652,0.07,580,NC3,NC4,NC4,0.65
72641,PA_WALLENPAUPACK,0,2010-07-20,0.252,0.02,230,NC3,LE3,NC4,0.25
80124,MN_GPR,0,2000-06-05,1.1,0.05,1100,NC3,LE1,NC3,1.15
80124,MN_GPR,0,2000-08-07,2.4,0.05,2400,NC3,LE1,NC3,2.45
80124,MN_GPR,0,2000-10-10,0.98,0.05,980,NC3,LE1,NC3,1.03
80124,MN_GPR,0,2002-06-18,0.5,0.05,500,NC3,LE1,NC3,0.55
80124,MN_GPR,0,2002-08-07,1.3,0.05,1300,NC3,LE1,NC3,1.35
80124,MN_GPR,0,2002-10-07,0.6,0.05,600,NC3,LE1,NC3,0.65
80124,MN_GPR,0,2004-05-17,1.4,0.05,1400,NC3,LE1,NC3,1.45
80124,MN_GPR,0,2004-07-26,0.82,0.05,820,NC3,LE1,NC3,0.87
80124,MN_GPR,0,2004-09-13,1.2,0.05,1200,NC3,LE1,NC3,1.25
80124,MN_GPR,0,2006-05-09,0.98,0.05,980,NC3,LE1,NC3,1.03
80124,MN_GPR,0,2006-06-13,0.4,0.005,400,NC3,LE1,NC3,0.405
80124,MN_GPR,0,2006-07-17,0.66,0.05,660,NC3,LE1,NC3,0.71
80124,MN_GPR,0,2006-08-08,0.6,0.005,600,NC3,LE1,NC3,0.605
80124,MN_GPR,0,2006-09-13,1.78,0.05,1780,NC3,LE1,NC3,1.83
80124,MN_GPR,0,2006-10-09,0.8,0.01,800,NC3,LE1,NC3,0.81
80124,MN_GPR,0,2008-05-13,1.75,0.05,1750,NC3,LE1,NC3,1.8
80124,MN_GPR,0,2008-06-02,0.6,0.005,600,NC3,LE1,NC3,0.605
80124,MN_GPR,0,2008-07-07,0.9,0.05,900,NC3,LE1,NC3,0.95
80124,MN_GPR,0,2008-08-13,0.5,0.01,500,NC3,LE1,NC3,0.51
80124,MN_GPR,0,2008-09-10,1.05,0.05,1050,NC3,LE1,NC3,1.1
80124,MN_GPR,0,2008-10-15,0.67,0.005,670,NC3,LE1,NC3,0.675
80124,MN_GPR,0,2010-05-04,1.17,0.05,1170,NC3,LE1,NC3,1.22
80124,MN_GPR,0,2010-06-23,1.2,0.005,1200,NC3,LE1,NC3,1.205
80124,MN_GPR,0,2010-07-12,1.14,0.05,1140,NC3,LE1,NC3,1.19
80124,MN_GPR,0,2010-09-20,1.19,0.05,1190,NC3,LE1,NC3,1.24
80124,MN_GPR,0,2010-10-13,0.6,0.005,600,NC3,LE1,NC3,0.605
87650,NY_LCI_CHEM,2,2009-08-18,0.4,0.2,300,NC1,NC1,NC1,0.5
87650,NY_LCI_CHEM,2,2010-07-13,0.5,0.2,200,NC1,NC1,NC1,0.4
96694,MI_PAUL,0,1992-06-11,0.30452999999999997,0.00492,299.61,NC4,NC2,NC4,0.30453
96694,MI_PAUL,0,1993-05-20,0.249812,0.001147,248.665,NC4,NC2,NC4,0.24981199999999998
96694,MI_PAUL,0,1993-06-03,0.047788,0.002118,45.67,NC4,NC2,NC4,0.047788000000000004
96694,MI_PAUL,0,1993-06-24,0.344592,0.001766,342.826,NC4,NC2,NC4,0.34459200000000006
96694,MI_PAUL,0,1993-07-01,0.399914,0.004432,395.482,NC4,NC2,NC4,0.39991400000000005
96694,MI_PAUL,0,1993-07-29,0.28283800000000003,0.001417,281.421,NC4,NC2,NC4,0.282838
96694,MI_PAUL,0,1994-06-16,0.42515499999999995,0.001848,423.307,NC4,NC2,NC4,0.425155
96694,MI_PAUL,0,1994-06-23,0.425633,0.002699,422.934,NC4,NC2,NC4,0.42563300000000004
96694,MI_PAUL,0,1994-06-30,0.442771,0.002787,439.984,NC4,NC2,NC4,0.44277099999999997
96694,MI_PAUL,0,1994-07-07,0.41735,0.004681,412.669,NC4,NC2,NC4,0.41734999999999994
96694,MI_PAUL,0,1994-08-11,0.500966,0.0027389999999999997,498.227,NC4,NC2,NC4,0.5009659999999999
96694,MI_PAUL,0,1995-06-01,0.344903,0.002763,342.14,NC4,NC2,NC4,0.34490299999999996
96694,MI_PAUL,0,1995-06-15,0.340688,0.001843,338.845,NC4,NC2,NC4,0.34068800000000005
96694,MI_PAUL,0,1995-07-13,0.38546600000000003,0.005912,379.554,NC4,NC2,NC4,0.385466
96694,MI_PAUL,0,1995-07-20,0.31292000000000003,0.0061189999999999994,306.801,NC4,NC2,NC4,0.31292
96694,MI_PAUL,0,1996-05-27,0.24706299999999998,0.002193,244.87,NC4,NC2,NC4,0.247063
96694,MI_PAUL,0,1996-07-22,0.35440499999999997,0.002906,351.499,NC4,NC2,NC4,0.354405
96694,MI_PAUL,0,1999-07-19,0.360828,0.005033,355.795,NC4,NC2,NC4,0.36082800000000004
96694,MI_PAUL,0,1999-08-16,0.399541,0.003994,395.547,NC4,NC2,NC4,0.39954100000000004
111074,MN_GPR,0,1999-06-29,0.81,0.05,810,NC3,LE1,NC3,0.86
111074,MN_GPR,0,1999-08-09,1.2,0.05,1200,NC3,LE1,NC3,1.25
111074,MN_GPR,0,1999-10-11,0.71,0.05,710,NC3,LE1,NC3,0.76
111074,MN_GPR,0,2001-06-11,1.9,0.05,1900,NC3,LE1,NC3,1.95
111074,MN_GPR,0,2001-08-20,1.3,0.05,1300,NC3,LE1,NC3,1.35
111074,MN_GPR,0,2001-10-02,1,0.05,1000,NC3,LE1,NC3,1.05
111074,MN_GPR,0,2003-05-13,1.3,0.11,1200,NC3,NC1,NC3,1.31
111074,MN_GPR,0,2003-07-01,2.2,0.05,2200,NC3,LE1,NC3,2.25
111074,MN_GPR,0,2003-09-15,1.5,0.05,1500,NC3,LE1,NC3,1.55
111074,MN_GPR,0,2005-05-16,0.5,0.05,1100,NC3,LE1,NC3,1.15
111074,MN_GPR,0,2005-06-21,1.5,0.005,1500,NC3,LE1,NC3,1.505
111074,MN_GPR,0,2005-07-18,2.7,0.05,2700,NC3,LE1,NC3,2.75
111074,MN_GPR,0,2005-08-15,0.9,0.005,900,NC3,LE1,NC3,0.905
111074,MN_GPR,0,2005-09-20,1.5,0.05,1500,NC3,LE1,NC3,1.55
111074,MN_GPR,0,2005-10-10,1.1,0.005,1100,NC3,LE1,NC3,1.105
111074,MN_GPR,0,2007-05-08,2.16,0.05,2160,NC3,LE1,NC3,2.21
111074,MN_GPR,0,2007-06-12,1.1,0.005,1100,NC3,LE1,NC3,1.105
111074,MN_GPR,0,2007-07-17,1.67,0.05,1670,NC3,LE1,NC3,1.72
111074,MN_GPR,0,2007-08-17,1.2,0.005,1200,NC3,LE1,NC3,1.205
111074,MN_GPR,0,2007-10-09,1.3,0.005,1300,NC3,LE1,NC3,1.305
111074,MN_GPR,0,2009-06-16,0.8,0.05,800,NC3,LE1,NC3,0.85
111074,MN_GPR,0,2009-07-07,1.27,0.05,1270,NC3,LE1,NC3,1.32
111074,MN_GPR,0,2009-09-15,0.25,0.05,250,NC3,LE1,NC3,0.3
111074,MN_GPR,0,2011-05-25,1.46,0.05,1460,NC3,LE1,NC3,1.51
111074,MN_GPR,0,2011-06-27,1.1,0.025,1100,NC3,LE1,NC3,1.125
111074,MN_GPR,0,2011-07-25,1.2,0.025,1200,NC3,LE1,NC3,1.225
111074,MN_GPR,0,2011-08-09,1.5,0.025,1500,NC3,LE1,NC3,1.525
111074,MN_GPR,0,2011-09-20,1,0.025,1000,NC3,LE1,NC3,1.025
111074,MN_GPR,0,2011-10-04,0.9,0.025,900,NC3,LE1,NC3,0.925
113136,MN_GPR,0,1999-06-17,1.6,0.05,1500,NC3,LE1,NC3,1.55
113136,MN_GPR,0,1999-08-09,1.7,0.05,1700,NC3,LE1,NC3,1.75
113136,MN_GPR,0,1999-10-05,0.98,0.05,980,NC3,LE1,NC3,1.03
113136,MN_GPR,0,2001-06-05,1.7,0.05,1700,NC3,LE1,NC3,1.75
113136,MN_GPR,0,2001-08-13,0.8,0.05,800,NC3,LE1,NC3,0.85
113136,MN_GPR,0,2001-10-02,1.1,0.05,1100,NC3,LE1,NC3,1.15
113136,MN_GPR,0,2003-05-14,1.7,0.27,1400,NC3,NC1,NC3,1.67
113136,MN_GPR,0,2003-07-01,2.4,0.05,2400,NC3,LE1,NC3,2.45
113136,MN_GPR,0,2003-09-22,2.3,0.05,2300,NC3,LE1,NC3,2.35
113136,MN_GPR,0,2005-05-10,0.97,0.05,970,NC3,LE1,NC3,1.02
113136,MN_GPR,0,2005-06-21,1,0.005,1000,NC3,LE1,NC3,1.005
113136,MN_GPR,0,2005-07-11,1.2,0.05,1200,NC3,LE1,NC3,1.25
113136,MN_GPR,0,2005-08-09,1.5,0.005,1500,NC3,LE1,NC3,1.505
113136,MN_GPR,0,2005-09-12,0.78,0.05,780,NC3,LE1,NC3,0.83
113136,MN_GPR,0,2005-10-04,0.8,0.005,800,NC3,LE1,NC3,0.805
113136,MN_GPR,0,2007-05-08,1.42,0.05,1420,NC3,LE1,NC3,1.47
113136,MN_GPR,0,2007-06-06,1.2,0.005,1200,NC3,LE1,NC3,1.205
113136,MN_GPR,0,2007-07-10,0.5,0.05,500,NC3,LE1,NC3,0.55
113136,MN_GPR,0,2007-08-14,1.3,0.02,1300,NC3,LE1,NC3,1.32
113136,MN_GPR,0,2007-09-17,0.5,0.05,500,NC3,LE1,NC3,0.55
113136,MN_GPR,0,2007-10-03,1.1,0.05,1100,NC3,LE1,NC3,1.15
113136,MN_GPR,0,2009-05-18,1.27,0.05,1270,NC3,LE1,NC3,1.32
113136,MN_GPR,0,2009-06-02,0.9,0.005,900,NC3,LE1,NC3,0.905
113136,MN_GPR,0,2009-07-15,0.99,0.05,990,NC3,LE1,NC3,1.04
113136,MN_GPR,0,2009-08-19,1.4,0.005,1400,NC3,LE1,NC3,1.405
113136,MN_GPR,0,2009-09-14,1.17,0.05,1170,NC3,LE1,NC3,1.22
113136,MN_GPR,0,2009-10-14,0.7,0.005,700,NC3,LE1,NC3,0.705
113136,MN_GPR,0,2011-05-03,1.26,0.05,1260,NC3,LE1,NC3,1.31
113136,MN_GPR,0,2011-06-20,1.1,0.025,1100,NC3,LE1,NC3,1.125
113136,MN_GPR,0,2011-07-19,1.4,0.025,1400,NC3,LE1,NC3,1.425
113136,MN_GPR,0,2011-08-03,1.3,0.025,1300,NC3,LE1,NC3,1.325
113136,MN_GPR,0,2011-09-27,1.1,0.025,1100,NC3,LE1,NC3,1.125
113136,MN_GPR,0,2011-10-05,0.9,0.025,900,NC3,LE1,NC3,0.925
119361,MN_GPR,0,1999-06-28,0.79,0.05,790,NC3,LE1,NC3,0.84
119361,MN_GPR,0,1999-08-09,1.4,0.05,1300,NC3,LE1,NC3,1.35
119361,MN_GPR,0,1999-10-11,0.41,0.05,410,NC3,LE1,NC3,0.46
119361,MN_GPR,0,2001-06-13,1.7,0.5,1700,NC3,NC1,NC3,2.2
119361,MN_GPR,0,2001-08-13,0.4,0.5,400,NC3,NC1,NC3,0.9
119361,MN_GPR,0,2001-10-01,0.8,0.5,800,NC3,NC1,NC3,1.3
119361,MN_GPR,0,2003-05-27,1,0.05,1000,NC3,LE1,NC3,1.05
119361,MN_GPR,0,2003-07-16,2,0.16,1800,NC3,NC1,NC3,1.96
119361,MN_GPR,0,2003-09-23,1.4,0.05,1400,NC3,LE1,NC3,1.45
119361,MN_GPR,0,2005-05-17,1.1,0.05,1100,NC3,LE1,NC3,1.15
119361,MN_GPR,0,2005-06-20,0.7,0.005,700,NC3,LE1,NC3,0.705
119361,MN_GPR,0,2005-07-19,1.6,0.05,1600,NC3,LE1,NC3,1.65
119361,MN_GPR,0,2005-08-16,0.8,0.005,800,NC3,LE1,NC3,0.805
119361,MN_GPR,0,2005-09-13,1.1,0.05,1100,NC3,LE1,NC3,1.15
119361,MN_GPR,0,2005-10-09,0.7,0.005,700,NC3,LE1,NC3,0.705
119361,MN_GPR,0,2007-05-08,1.27,0.05,1270,NC3,LE1,NC3,1.32
119361,MN_GPR,0,2007-06-06,0.9,0.005,900,NC3,LE1,NC3,0.905
119361,MN_GPR,0,2007-07-16,1.31,0.05,1310,NC3,LE1,NC3,1.36
119361,MN_GPR,0,2007-08-22,1.3,0.005,1300,NC3,LE1,NC3,1.305
119361,MN_GPR,0,2007-09-17,0.5,0.05,500,NC3,LE1,NC3,0.55
119361,MN_GPR,0,2007-10-02,1.1,0.03,1100,NC3,LE1,NC3,1.13
119361,MN_GPR,0,2009-05-27,1.02,0.05,1020,NC3,LE1,NC3,1.07
119361,MN_GPR,0,2009-06-16,0.6,0.05,600,NC3,LE1,NC3,0.65
119361,MN_GPR,0,2009-07-22,0.84,0.05,840,NC3,LE1,NC3,0.89
119361,MN_GPR,0,2009-09-21,1.08,0.05,1080,NC3,LE1,NC3,1.13
119361,MN_GPR,0,2009-10-12,0.7,0.005,700,NC3,LE1,NC3,0.705
119361,MN_GPR,0,2011-05-25,0.05,0.05,250,NC3,LE1,NC3,0.3
119361,MN_GPR,0,2011-06-28,0.8,0.025,800,NC3,LE1,NC3,0.825
119361,MN_GPR,0,2011-07-26,0.6,0.025,600,NC3,LE1,NC3,0.625
119361,MN_GPR,0,2011-09-26,0.8,0.025,800,NC3,LE1,NC3,0.825
119361,MN_GPR,0,2011-10-05,0.7,0.025,700,NC3,LE1,NC3,0.725
139153,MN_GPR,2,2000-06-06,0.5,0.05,490,NC4,LE2,NC4,0.54
139153,MN_GPR,2,2000-08-15,0.37,0.05,370,NC4,LE2,NC4,0.42
139153,MN_GPR,2,2000-10-09,0.3,0.05,330,NC4,LE2,NC4,0.38
139153,MN_GPR,2,2002-06-10,1.5,0.97,500,NC4,NC2,NC4,1.47
139153,MN_GPR,2,2002-08-06,0.5,0.05,500,NC4,LE2,NC4,0.55
139153,MN_GPR,2,2002-10-01,0.5,0.05,500,NC4,LE2,NC4,0.55
139153,MN_GPR,2,2004-05-24,1,0.05,1000,NC4,LE2,NC4,1.05
139153,MN_GPR,2,2004-07-26,1.4,0.05,1400,NC4,LE2,NC4,1.45
139153,MN_GPR,2,2004-09-13,0.82,0.05,820,NC4,LE2,NC4,0.87
139153,MN_GPR,2,2006-05-15,0.68,0.05,680,NC4,LE2,NC4,0.73
139153,MN_GPR,2,2006-06-12,0.1,0.005,100,NC4,LE2,NC4,0.105
139153,MN_GPR,2,2006-07-10,0.25,0.05,250,NC4,LE2,NC4,0.3
139153,MN_GPR,2,2006-08-01,0.3,0.005,300,NC4,LE2,NC4,0.305
139153,MN_GPR,2,2006-09-12,0.76,0.05,760,NC4,LE2,NC4,0.81
139153,MN_GPR,2,2008-05-20,1.1,0.05,1100,NC4,LE2,NC4,1.15
139153,MN_GPR,2,2008-06-26,0.4,0.04,400,NC4,LE2,NC4,0.44
139153,MN_GPR,2,2008-07-14,3.35,0.05,3350,NC4,LE2,NC4,3.4
139153,MN_GPR,2,2008-08-12,1.2,0.04,1200,NC4,LE2,NC4,1.24
139153,MN_GPR,2,2008-09-08,1.14,0.05,1140,NC4,LE2,NC4,1.19
139153,MN_GPR,2,2008-10-06,0.4,0.005,400,NC4,LE2,NC4,0.405
139153,MN_GPR,2,2010-05-17,1.04,0.05,1040,NC4,LE2,NC4,1.09
139153,MN_GPR,2,2010-06-07,1.1,0.005,1100,NC4,LE2,NC4,1.105
139153,MN_GPR,2,2010-07-12,0.9,0.05,900,NC4,LE2,NC4,0.95
139153,MN_GPR,2,2010-08-30,0.8,0.025,800,NC4,LE2,NC4,0.825
139153,MN_GPR,2,2010-09-15,0.96,0.05,960,NC4,LE2,NC4,1.01
139153,MN_GPR,2,2010-10-04,0.6,0.005,600,NC4,LE2,NC4,0.605
